Id,Label,timeset,0,1
helloyoon4,helloyoon4,,0,0.004414
sbmptnfess,sbmptnfess,,20,0.076758
utbkfess,utbkfess,,0,0.018915
byunpov,byunpov,,29,0.016869
subschfess,subschfess,,3,0.073354
hopefullyperf,hopefullyperf,,95,0.030079
schfess,schfess,,5,0.142663
lizzypeachyy,lizzypeachyy,,20,0.001881
zenius_oliv,zenius_oliv,,0,0.0396
gabriux1,gabriux1,,7,0
dinges_zenius,dinges_zenius,,7,0
zeniusambis,zeniusambis,,0,0.001959
keyystudies,keyystudies,,9,0.004966
maillov_,maillov_,,5,0.000376
zenbyzaa,zenbyzaa,,9,0.008789
pfmmipy,pfmmipy,,3,0.002417
atomhidrogen1,atomhidrogen1,,95,0.000887
aziastudy,aziastudy,,11,0
airmelon_,airmelon_,,11,0
user0014297,user0014297,,223,0.000752
canwehvebutter,canwehvebutter,,223,0.002064
txtdariharsa,txtdariharsa,,13,0.000001
pemudalusi,pemudalusi,,13,0.000001
hujkwqe83dja,hujkwqe83dja,,95,0.00035
mitrabelajarmu,mitrabelajarmu,,9,0.003303
gustity1,gustity1,,9,0.001165
amsterdamlaf,amsterdamlaf,,0,0.009762
ttttaacaa,ttttaacaa,,3,0
tetsuuuuuw,tetsuuuuuw,,223,0.001574
nezthetic,nezthetic,,223,0
ambisintenyukk,ambisintenyukk,,20,0
ftievi,ftievi,,223,0.007938
vaquola,vaquola,,5,0
sebut_aja_orang,sebut_aja_orang,,18,0
jeonsooheej,jeonsooheej,,18,0
notbeautybutidc,notbeautybutidc,,20,0
jbjie,jbjie,,19,0
faintedrain,faintedrain,,19,0
nnaanaj,nnaanaj,,3,0
notge0n,notge0n,,3,0.000188
nowsantuy,nowsantuy,,20,0.000813
iridoriscent,iridoriscent,,20,0
numayyyyyy,numayyyyyy,,5,0
jedd0ngie,jedd0ngie,,5,0
nakskarunggoni,nakskarunggoni,,20,0
biologyzyx,biologyzyx,,21,0
atypicali,atypicali,,21,0.000005
naxxyra,naxxyra,,5,0
yourcrush_babe,yourcrush_babe,,3,0
amiktheavocado,amiktheavocado,,21,0
amilyakautsar,amilyakautsar,,20,0
areajulid,areajulid,,0,0
mjskud,mjskud,,22,0
itscammila,itscammila,,22,0.000002
yantoyamazaki,yantoyamazaki,,3,0.001667
asdfghjklhftt,asdfghjklhftt,,20,0.001127
xexostar,xexostar,,5,0
awasakunbaru,awasakunbaru,,20,0
kasihnamadong_,kasihnamadong_,,23,0
whentheweather,whentheweather,,23,0.001202
mystruggle___,mystruggle___,,29,0.001449
nafastudy,nafastudy,,24,0
rxxras,rxxras,,24,0
vrdhmrh,vrdhmrh,,25,0
saramadhan,saramadhan,,25,0
natadekopok_,natadekopok_,,26,0
purplishdaisy,purplishdaisy,,26,0.000001
navaaaa_aa,navaaaa_aa,,27,0
bang_garr,bang_garr,,27,0
jenoseno,jenoseno,,3,0
inianissaa,inianissaa,,5,0
cestlacherie,cestlacherie,,28,0
flummfox,flummfox,,28,0
convomf,convomf,,29,0.012409
titiswell,titiswell,,30,0
txtapaadanya,txtapaadanya,,30,0.001877
ddowoonssi,ddowoonssi,,31,0
numdeysix,numdeysix,,31,0
devnur99,devnur99,,20,0
itzjaraaa,itzjaraaa,,20,0.001502
ssaegt,ssaegt,,32,0
sabdaps,sabdaps,,32,0.017929
purpleuvy,purpleuvy,,33,0
cherrykook16,cherrykook16,,33,0
sonofthesunnnn,sonofthesunnnn,,20,0.000062
hallaaah,hallaaah,,34,0
stekzzkzkzk,stekzzkzkzk,,34,0
sobbingbcsoobin,sobbingbcsoobin,,5,0
quip_zenshare,quip_zenshare,,3,0.00197
haechanprivate,haechanprivate,,36,0
bffhae,bffhae,,36,0
gsukaayamgoreng,gsukaayamgoreng,,20,0
reikqmiya,reikqmiya,,37,0.000001
cerephaka,cerephaka,,37,0.000001
shatrawberry,shatrawberry,,5,0
giornogiiovanna,giornogiiovanna,,95,0.000376
iyoureyestell,iyoureyestell,,95,0
seetayz,seetayz,,3,0
rizasfy26,rizasfy26,,20,0
fatresiahelena,fatresiahelena,,0,0
fyoduor,fyoduor,,0,0.003759
premiumappbysay,premiumappbysay,,5,0
potongannf,potongannf,,3,0.000915
cimycatha,cimycatha,,0,0.002095
polkacoma,polkacoma,,0,0.000387
thevirgogurl,thevirgogurl,,3,0
teresa_katarina,teresa_katarina,,39,0
itssayeshaa_,itssayeshaa_,,39,0
hxxwlmes,hxxwlmes,,40,0
xjzee_,xjzee_,,40,0
midosalsapfm_,midosalsapfm_,,5,0
pasukanambis,pasukanambis,,23,0.001224
gapyearfess,gapyearfess,,23,0.004307
pcrnysarigandum,pcrnysarigandum,,41,0
syadnyl,syadnyl,,41,0
choerrybombs2,choerrybombs2,,42,0
waferasahoy,waferasahoy,,42,0
perkdels,perkdels,,5,0
hilycious,hilycious,,5,0.000376
sundaeefundaee,sundaeefundaee,,43,0
mendmoon,mendmoon,,43,0
sukajaehyunss,sukajaehyunss,,5,0
stylsdntfvl,stylsdntfvl,,5,0
stuudiv,stuudiv,,5,0
piwchicks,piwchicks,,44,0.002621
hmpneumothorax,hmpneumothorax,,5,0
plumyn,plumyn,,29,0
kurapikawifee,kurapikawifee,,45,0
jeromepolin,jeromepolin,,45,0.000002
bubos_nim,bubos_nim,,20,0
ambisss1,ambisss1,,3,0.000376
soon2beamedstud,soon2beamedstud,,3,0
lailychuss,lailychuss,,32,0
1975nk,1975nk,,32,0.002051
lachie_nae,lachie_nae,,0,0
zen_kakyuni,zen_kakyuni,,47,0.003745
hanashhi,hanashhi,,47,0
maukuliah2,maukuliah2,,48,0
studyfess,studyfess,,48,0.000002
madamemoisse,madamemoisse,,3,0.002042
almondmilkies,almondmilkies,,0,0.000033
masgifar,masgifar,,50,0
naiscent,naiscent,,50,0
kyulest,kyulest,,51,0
yoshaurs,yoshaurs,,51,0
zenambis,zenambis,,23,0.00793
5pm53mins,5pm53mins,,52,0
dosiejogja,dosiejogja,,52,0
88milyarr,88milyarr,,5,0
mantappugirl,mantappugirl,,5,0
zeniusssss,zeniusssss,,5,0.000752
aldiset02946261,aldiset02946261,,20,0
albanofinzo,albanofinzo,,20,0
nashiayamgeprek,nashiayamgeprek,,32,0.000376
__pramudya,__pramudya,,5,0
lilsunschenle,lilsunschenle,,0,0.000376
peachyeuuu,peachyeuuu,,53,0
dinasigoreng,dinasigoreng,,53,0
prieztoujours,prieztoujours,,3,0
prewttyy,prewttyy,,54,0
shovwl,shovwl,,54,0
prettysellerapk,prettysellerapk,,55,0
zeamayis,zeamayis,,55,0
pretemdeer,pretemdeer,,56,0
frankiecosmosd,frankiecosmosd,,56,0
martanetlue,martanetlue,,3,0
preci0usin,preci0usin,,5,0
prayatafaizaft,prayatafaizaft,,57,0
sumberprotein,sumberprotein,,57,0
pramidew,pramidew,,58,0
mahirahaul,mahirahaul,,58,0
masaadepanmuuu_,masaadepanmuuu_,,59,0
themposition,themposition,,59,0
masaituakantiba,masaituakantiba,,60,0
cittairlanie,cittairlanie,,60,0.000004
pornsmol,pornsmol,,54,0
paujirohman,paujirohman,,61,0
bertanyarl,bertanyarl,,61,0.016283
poortatoess,poortatoess,,3,0
ponakanhagrid,ponakanhagrid,,20,0
polymatik,polymatik,,95,0
sygfess,sygfess,,95,0.000752
pocarigaksweet,pocarigaksweet,,62,0
alieenbelajar,alieenbelajar,,62,0
plzmau,plzmau,,3,0
pluviluv,pluviluv,,3,0
matchaaagirl,matchaaagirl,,23,0
matchamaeleon,matchamaeleon,,29,0.003585
paw_pawmeong,paw_pawmeong,,5,0
plumpyhumpy,plumpyhumpy,,3,0
plstmnrljgnnemu,plstmnrljgnnemu,,223,0.000135
pribumimusiman,pribumimusiman,,63,0
sbyfess,sbyfess,,63,0
mayaveronica9,mayaveronica9,,64,0
xoxowantja,xoxowantja,,64,0
maxsimusfloren,maxsimusfloren,,5,0
pshstudy,pshstudy,,65,0.000002
dyrajki,dyrajki,,65,0
parksozee,parksozee,,66,0
heyyuu_20,heyyuu_20,,66,0
puri_nim,puri_nim,,67,0
jihanfavs,jihanfavs,,67,0
pulchraeaaxxi,pulchraeaaxxi,,5,0
pudanmenawan,pudanmenawan,,95,0
maisyaphnn,maisyaphnn,,95,0.000376
buangrasamaless,buangrasamaless,,23,0
ptnhunter22,ptnhunter22,,68,0
pandaiimenangis,pandaiimenangis,,68,0
psikolofi,psikolofi,,5,0
mariasoffie_,mariasoffie_,,69,0
jehianps,jehianps,,69,0
psichalogy,psichalogy,,95,0
student_fess,student_fess,,95,0.001144
myboyfriendkth,myboyfriendkth,,65,0
psbronitua,psbronitua,,70,0
olivehateem_,olivehateem_,,70,0
martabakindie,martabakindie,,71,0
pekalonganfess,pekalonganfess,,71,0
dhea_zenius,dhea_zenius,,23,0
propadti,propadti,,32,0
profanous,profanous,,72,0
o97pride,o97pride,,72,0
probablydaisyb,probablydaisyb,,73,0
noobychild,noobychild,,73,0
privateboba,privateboba,,3,0.000376
princes54798837,princes54798837,,3,0.000915
maribertemanptn,maribertemanptn,,5,0
letskol,letskol,,5,0.000376
marimegammy,marimegammy,,74,0
sharereall,sharereall,,74,0
marsupilalami,marsupilalami,,75,0
ftttsugaaa,ftttsugaaa,,75,0
bapakdomba,bapakdomba,,223,0.000014
pjmrawrr,pjmrawrr,,5,0
piztachious,piztachious,,73,0
kamoomile,kamoomile,,3,0
abcdheyaa,abcdheyaa,,3,0
pfmbahagia,pfmbahagia,,5,0
may0naizee,may0naizee,,76,0
kiddieasha,kiddieasha,,76,0
petzoldzzz,petzoldzzz,,5,0
permisipaket_,permisipaket_,,77,0
idextratime,idextratime,,77,0
pdistira3,pdistira3,,20,0
perempuanmuuuu,perempuanmuuuu,,0,0
maungrice,maungrice,,78,0
dekapanfiksii,dekapanfiksii,,78,0.000004
pdkxbxj,pdkxbxj,,79,0.000001
ancoraimparo___,ancoraimparo___,,79,0.000001
pengenapaaja,pengenapaaja,,60,0
peacebeuponn,peacebeuponn,,5,0
pengenambiis,pengenambiis,,80,0
press1forambis,press1forambis,,80,0
pemudayouth,pemudayouth,,20,0
pejuanggkuliah,pejuanggkuliah,,5,0
pejuangalmet,pejuangalmet,,21,0
peciintambiss,peciintambiss,,9,0
ambisfs,ambisfs,,9,0.006065
peachqrose,peachqrose,,81,0
studywystar,studywystar,,81,0
mauuaungambis,mauuaungambis,,5,0
mauuujadidokter,mauuujadidokter,,20,0
maxpooling2d,maxpooling2d,,82,0
piraaaa_,piraaaa_,,82,0
pebiyjinnie,pebiyjinnie,,20,0
peachtachioo,peachtachioo,,3,0
peachymochaa,peachymochaa,,5,0
brianbelajar,brianbelajar,,3,0
maukokumi,maukokumi,,83,0
worksfess,worksfess,,83,0
pixiexstclilo_,pixiexstclilo_,,20,0
neologii,neologii,,3,0
pixieeeest,pixieeeest,,5,0
englishfess_,englishfess_,,44,0.001876
pinnepiinn,pinnepiinn,,84,0
alloeverea,alloeverea,,84,0
pinginmasukfk,pinginmasukfk,,85,0
rococo_chico,rococo_chico,,85,0
pinginjulid,pinginjulid,,5,0
pbooyoungg,pbooyoungg,,86,0
kuyangcangtip,kuyangcangtip,,86,0
mariambisptkn,mariambisptkn,,20,0.000376
pillowyarna,pillowyarna,,87,0
1204s0s,1204s0s,,87,0
pikarosiawati,pikarosiawati,,5,0
ssssharpay,ssssharpay,,29,0
physicsly,physicsly,,32,0
physblacks,physblacks,,88,0
potatoesavire,potatoesavire,,88,0.000001
phoriam,phoriam,,30,0
philosophyhunt,philosophyhunt,,89,0
reductocurse,reductocurse,,89,0
pharmacidst,pharmacidst,,5,0
pcrnanamikento,pcrnanamikento,,5,0
pfmstudy,pfmstudy,,5,0
pfmsma,pfmsma,,90,0
gxuling,gxuling,,90,0
vminenths,vminenths,,29,0.000008
matchikaaa,matchikaaa,,91,0
dugongcina,dugongcina,,91,0
maukimyugyeom1,maukimyugyeom1,,61,0
piltropy,piltropy,,92,0
jaejaewoonie,jaejaewoonie,,92,0
pweasev,pweasev,,5,0
pusingbgthuft,pusingbgthuft,,20,0
rendiismail22,rendiismail22,,93,0
itoff27,itoff27,,93,0
rmomiyy,rmomiyy,,20,0
rllazzz,rllazzz,,5,0
rkhmdhifa,rkhmdhifa,,0,0
ljskkkx,ljskkkx,,3,0
rixskt,rixskt,,0,0
riusuir_,riusuir_,,20,0
rinnebekasi_,rinnebekasi_,,94,0
jpfbase,jpfbase,,94,0.000002
rillakuman,rillakuman,,3,0.000915
rilexnchillin,rilexnchillin,,5,0
rigelarion,rigelarion,,20,0.001881
riffuda,riffuda,,95,0
panggilajazul,panggilajazul,,95,0.002254
rifainthebuild1,rifainthebuild1,,96,0
mactematika,mactematika,,96,0
ridincullus,ridincullus,,61,0
richw0mann,richw0mann,,29,0.000376
ustadchen,ustadchen,,29,0
rhsntaa,rhsntaa,,20,0
rhestudy,rhestudy,,3,0
rheexca,rheexca,,97,0
s1jabats,s1jabats,,97,0
retnymala,retnymala,,3,0
rerwrho,rerwrho,,61,0
replayrepliy,replayrepliy,,98,0
miund,miund,,98,0
faizanka_,faizanka_,,98,0
robyhmz,robyhmz,,20,0
cuwprint,cuwprint,,3,0.000376
roeversinceny,roeversinceny,,5,0.000376
diveinkyoto,diveinkyoto,,5,0.000751
rua_area,rua_area,,99,0
iyakngarepfkui,iyakngarepfkui,,99,0
sabilarrrr,sabilarrrr,,0,0
raccoonamatata_,raccoonamatata_,,32,0
adambagaskara,adambagaskara,,32,0
s4turnrush,s4turnrush,,100,0
asyastudyy,asyastudyy,,100,0
rydeell,rydeell,,101,0
fuckutebeka,fuckutebeka,,101,0
rvnclwsly,rvnclwsly,,32,0
rutorenang,rutorenang,,102,0
jihoonbakso,jihoonbakso,,102,0
rumanizz,rumanizz,,3,0
rubyredvelvet,rubyredvelvet,,103,0
chocyuhyun,chocyuhyun,,103,0
rubbymarkie,rubbymarkie,,0,0
preciousjh17,preciousjh17,,0,0.001127
ruangguyu_,ruangguyu_,,104,0
melysantoso_,melysantoso_,,104,0
mabokwonwoo,mabokwonwoo,,5,0
sunfairry,sunfairry,,5,0
machtyaaa,machtyaaa,,105,0
jaketangsel,jaketangsel,,105,0
rsmn_vr,rsmn_vr,,106,0
mogiisgilang,mogiisgilang,,106,0
rruthieee,rruthieee,,20,0
rrenjunh,rrenjunh,,5,0
rrachang,rrachang,,107,0
stanmenfess,stanmenfess,,107,0.000002
rr4nd0mm,rr4nd0mm,,5,0
rotiboeaya_,rotiboeaya_,,37,0
rosettaile,rosettaile,,108,0
koumeowing,koumeowing,,108,0
rosesty_95,rosesty_95,,109,0
pinkeuza,pinkeuza,,109,0
roseetad,roseetad,,20,0
romeobogeng,romeobogeng,,5,0
renlilsecret,renlilsecret,,0,0
renataagustin17,renataagustin17,,5,0
puttrrrri,puttrrrri,,110,0
brandambissador,brandambissador,,110,0
renaldiwahyu_,renaldiwahyu_,,111,0
fotosyut,fotosyut,,111,0
rafisetiawanze1,rafisetiawanze1,,20,0
raenjunluvena,raenjunluvena,,112,0
mgajhnsz,mgajhnsz,,112,0
raeambisbesok,raeambisbesok,,113,0
hiromi_daiji,hiromi_daiji,,113,0
faniix1,faniix1,,113,0
raaazaaac,raaazaaac,,114,0
betaquari,betaquari,,114,0
yongiepurple,yongiepurple,,3,0
vkfluffy,vkfluffy,,3,0.00001
suyutifarid,suyutifarid,,3,0
mamaselusin,mamaselusin,,20,0
querencisal,querencisal,,29,0
querencieaj,querencieaj,,3,0.000058
chewmist,chewmist,,3,0.000141
quereencialism_,quereencialism_,,115,0
agnesdella7,agnesdella7,,115,0
marciwiyi,marciwiyi,,20,0
quayntrella,quayntrella,,20,0
qraece,qraece,,20,0
qonitaarda,qonitaarda,,3,0
qheejin,qheejin,,116,0
miyeeoon,miyeeoon,,116,0
qavten,qavten,,61,0
pyovn,pyovn,,5,0
pwumpiie,pwumpiie,,5,0
studstudiee,studstudiee,,5,0.000752
pwtysntc,pwtysntc,,3,0
panggilgua1,panggilgua1,,20,0
puuffffffffffff,puuffffffffffff,,117,0
arucannn,arucannn,,117,0
putwizz,putwizz,,118,0
studyyarea,studyyarea,,118,0
rahareuu,rahareuu,,3,0
rainbowariess,rainbowariess,,20,0
rainensky_,rainensky_,,20,0
rayyslagiambis,rayyslagiambis,,119,0
studwsyaaa,studwsyaaa,,119,0
renai_maka,renai_maka,,0,0
reinmujaddid,reinmujaddid,,120,0
cimotyy,cimotyy,,120,0
maecyokay17_j,maecyokay17_j,,121,0
wonunuj_,wonunuj_,,121,0
koyuudayo,koyuudayo,,37,0.000001
yvoonmi,yvoonmi,,5,0
refusama,refusama,,122,0
fajartujuhbelas,fajartujuhbelas,,122,0
reeireirin,reeireirin,,123,0
uchuucinn,uchuucinn,,123,0
redpencilcolor,redpencilcolor,,32,0
rebahan____,rebahan____,,124,0
cryinhazelmoonz,cryinhazelmoonz,,124,0
real____jjs,real____jjs,,3,0
rdrkym,rdrkym,,32,0
rayofsansyain,rayofsansyain,,125,0
idontsharefoods,idontsharefoods,,125,0
rainytics,rainytics,,20,0
rawrrchio,rawrrchio,,5,0
raufanpurdini,raufanpurdini,,32,0
ratutorojoyo,ratutorojoyo,,5,0
majourns,majourns,,32,0
rararararadira,rararararadira,,32,0
rapinzeul,rapinzeul,,20,0.001881
randd1_,randd1_,,126,0
guedahyun,guedahyun,,126,0
rakyatuwitter,rakyatuwitter,,3,0
rajwnn,rajwnn,,94,0
malykacang,malykacang,,78,0
panggilnady,panggilnady,,127,0
flowrblues,flowrblues,,127,0
pamaksudmu,pamaksudmu,,128,0
ngambisugmdl,ngambisugmdl,,128,0
mazzini_gsp,mazzini_gsp,,60,0
mutiarutam131,mutiarutam131,,3,0
sweettaeev,sweettaeev,,29,0.000381
menyinarimuuu,menyinarimuuu,,3,0
hiyifa,hiyifa,,29,0.000381
myrrraaahhh,myrrraaahhh,,20,0
myohangyul99,myohangyul99,,95,0
skamletoy,skamletoy,,95,0.000376
myogabhtr,myogabhtr,,3,0
myeonchive,myeonchive,,5,0
mydearpo,mydearpo,,3,0
jualanmurcee,jualanmurcee,,3,0.000752
mybalwoon,mybalwoon,,129,0
imdemafia,imdemafia,,129,0
merciaurevoi,merciaurevoi,,5,0
my_april04,my_april04,,95,0
ofeverythingg,ofeverythingg,,95,0.000376
muthxzsh_,muthxzsh_,,130,0
vrnsscfby,vrnsscfby,,130,0
nasculfadhil,nasculfadhil,,131,0.000001
neomualone,neomualone,,131,0
tukanggalau28,tukanggalau28,,130,0
murphlovebot,murphlovebot,,132,0
dsconnectud,dsconnectud,,132,0
muhammadrizaclr,muhammadrizaclr,,20,0
msputraaz,msputraaz,,134,0.007335
studienbrch,studienbrch,,134,0
merdepluie,merdepluie,,5,0
ndlzkdlin,ndlzkdlin,,134,0
namaewanaori,namaewanaori,,134,0.001127
mitsupha,mitsupha,,134,0
dinowin_,dinowin_,,134,0.000877
azijik,azijik,,134,0.003366
4bbyitshere,4bbyitshere,,134,0
n00teskuas,n00teskuas,,135,0.000001
fairym3rs,fairym3rs,,135,0
krvyblue,krvyblue,,135,0
men4ng1s,men4ng1s,,136,0
billsyit,billsyit,,136,0
studysyx,studysyx,,135,0.000001
90storyfair,90storyfair,,131,0
narauhlll,narauhlll,,137,0
qardust,qardust,,137,0
nantikepikiran,nantikepikiran,,5,0
nantadv,nantadv,,32,0
nanazzztmlsn,nanazzztmlsn,,0,0
nanayoonaya,nanayoonaya,,138,0
jayeuzv,jayeuzv,,138,0
nanas_malas,nanas_malas,,3,0.0015
askrlfess,askrlfess,,3,0.001127
nanaappp,nanaappp,,0,0
namujoonm,namujoonm,,61,0
tanannnoctavia,tanannnoctavia,,134,0
meme_lord666666,meme_lord666666,,32,0
blackxiugar,blackxiugar,,134,0
arrheree,arrheree,,134,0
memeeou,memeeou,,5,0
najaesungie,najaesungie,,20,0
najaeminiey,najaeminiey,,20,0
naif08916389,naif08916389,,3,0
arreundelle,arreundelle,,136,0
ddazekth,ddazekth,,24,0
nafarezabc,nafarezabc,,3,0
nadshevi,nadshevi,,5,0
nadaoct1,nadaoct1,,20,0
7orupiah,7orupiah,,20,0.000376
nabilagf,nabilagf,,0,0
na_jaemann0813,na_jaemann0813,,3,0
mrsjyh,mrsjyh,,139,0
mangokombucha,mangokombucha,,139,0
mrs_okaka,mrs_okaka,,20,0
mrjuneyaa,mrjuneyaa,,140,0
hwangghinaa,hwangghinaa,,140,0
misiscokelat,misiscokelat,,141,0
schcampus,schcampus,,141,0.000001
mintadislebew,mintadislebew,,142,0
ayayayow_,ayayayow_,,142,0
minnnnnhoo,minnnnnhoo,,5,0
minjyvers,minjyvers,,5,0
minisabc,minisabc,,143,0
vouzmevoyezzh,vouzmevoyezzh,,143,0
minicroffle,minicroffle,,3,0
mezmaraised,mezmaraised,,144,0.000001
rlixaxa_,rlixaxa_,,144,0
wiarning,wiarning,,144,0
minhyunglee283,minhyunglee283,,5,0
mingyureo,mingyureo,,145,0
zh0ngchn,zh0ngchn,,145,0
mhelmyahya,mhelmyahya,,95,0.000376
asmeredithgrey,asmeredithgrey,,95,0
mingmingiess,mingmingiess,,3,0
mingambis,mingambis,,5,0
chelsstudy,chelsstudy,,5,0.000376
mhhhrnnn,mhhhrnnn,,3,0
micindomie,micindomie,,29,0
mineyups,mineyups,,146,0
plsidunnowhoim,plsidunnowhoim,,146,0
minexeulate,minexeulate,,5,0
mid8riya,mid8riya,,147,0
na4ckerman,na4ckerman,,147,0
miloray6,miloray6,,5,0
milkywayystar,milkywayystar,,148,0
ethenimity,ethenimity,,148,0
milkkeuteaa,milkkeuteaa,,20,0
milkiestluv,milkiestluv,,20,0
milkeurii,milkeurii,,149,0
straykweeeds,straykweeeds,,149,0
jjieepang,jjieepang,,149,0
miliksanji,miliksanji,,3,0
miioo71,miioo71,,150,0
fairylionae,fairylionae,,150,0
misedep,misedep,,151,0
julidajayaa,julidajayaa,,151,0
mitharmn_,mitharmn_,,5,0
mersieo,mersieo,,5,0
mrizwansy,mrizwansy,,20,0
mrizkifebriann,mrizkifebriann,,5,0
mriniaffah13,mriniaffah13,,9,0
mrdikta,mrdikta,,152,0
jon9se,jon9se,,152,0
moyyth,moyyth,,47,0
ursaturnss,ursaturnss,,47,0.000376
mowgyli,mowgyli,,3,0.000376
moosieposie,moosieposie,,95,0
mooonntie,mooonntie,,153,0
crazieniyya,crazieniyya,,153,0
moonroese,moonroese,,154,0
hezastudy,hezastudy,,154,0
moonliqght1,moonliqght1,,5,0
moonkevicn,moonkevicn,,155,0
ihyunzjae,ihyunzjae,,155,0
metawinbunny,metawinbunny,,156,0
dinoshop_,dinoshop_,,156,0
meyskezz,meyskezz,,5,0.000751
s_rhizaa,s_rhizaa,,5,0.000376
monjicorp,monjicorp,,5,0
mochiocii,mochiocii,,157,0
adelaydens,adelaydens,,157,0
mochihihichi,mochihihichi,,20,0
mocaccid,mocaccid,,158,0
pl4nta3,pl4nta3,,158,0
moaarmymidzyy,moaarmymidzyy,,20,0
mmeksuttt,mmeksuttt,,29,0
mmeillen,mmeillen,,5,0
mlieat,mlieat,,5,0
mituuw,mituuw,,21,0
billah_bambu,billah_bambu,,21,0.000002
smkfess,smkfess,,9,0.003059
loutmlins,loutmlins,,144,0
jeruksambat,jeruksambat,,131,0
natastasya,natastasya,,159,0
renaointu,renaointu,,159,0
ohnomerlin,ohnomerlin,,160,0
seporsimieayam,seporsimieayam,,160,0
ontinyawagyu,ontinyawagyu,,161,0.000001
angelyxc1,angelyxc1,,161,0.000001
onthewayhere,onthewayhere,,162,0
ryyuje,ryyuje,,162,0
onoff_m,onoff_m,,163,0
thinsmilemuahh,thinsmilemuahh,,163,0
mbislie,mbislie,,3,0
ominotme,ominotme,,5,0
azharfahd,azharfahd,,70,0
oligarkei,oligarkei,,0,0
okgurlzs,okgurlzs,,5,0
okeuy12,okeuy12,,9,0.000429
mccnphase,mccnphase,,164,0
dojeumin,dojeumin,,164,0
oikawakiw,oikawakiw,,165,0
takze,takze,,165,0
ohmyicedtea,ohmyicedtea,,166,0
collegemenfess,collegemenfess,,166,0.001127
natiapermanaa,natiapermanaa,,20,0
odlaassir,odlaassir,,167,0
menfesssyg,menfesssyg,,167,0
ocayaaaa,ocayaaaa,,44,0
o0crash9,o0crash9,,168,0
hynskch,hynskch,,168,0
nyobaproduktip,nyobaproduktip,,169,0
marktermeloo_n,marktermeloo_n,,169,0
kowhsi,kowhsi,,164,0
nyeondy,nyeondy,,170,0
ailofmalyfe,ailofmalyfe,,170,0
nuvantaraa,nuvantaraa,,171,0
katdaal,katdaal,,171,0
nurjannahhanum,nurjannahhanum,,32,0
nurhidazenius,nurhidazenius,,172,0.000001
subeeobin,subeeobin,,172,0.000001
afas64002521,afas64002521,,172,0
mcflurrries,mcflurrries,,9,0
ntashiye,ntashiye,,20,0
sasambisptn,sasambisptn,,161,0
mbisambis,mbisambis,,0,0.000135
onyourmidd,onyourmidd,,173,0
ketekalien,ketekalien,,173,0
mbibibis,mbibibis,,174,0
hannadd__,hannadd__,,174,0
mbakjenniekim,mbakjenniekim,,175,0
rekonict,rekonict,,175,0
bothroses,bothroses,,95,0.001762
midheavenn_,midheavenn_,,176,0
aruufilpe,aruufilpe,,176,0
pallzahf,pallzahf,,20,0
waitefah,waitefah,,175,0
padukachanyeol,padukachanyeol,,5,0
pachilleui,pachilleui,,20,0
pacarnyarya,pacarnyarya,,169,0
pacarhaliday,pacarhaliday,,20,0
oxnjxbc,oxnjxbc,,177,0
alestudiey,alestudiey,,177,0
mbananamal,mbananamal,,178,0
akugemeus,akugemeus,,178,0
owlinlovewithu,owlinlovewithu,,179,0
vhezzzz,vhezzzz,,179,0
ourtattoos,ourtattoos,,180,0
yoonjaehyukz,yoonjaehyukz,,180,0
otsukarenasama,otsukarenasama,,181,0
_alphaif,_alphaif,,181,0
oseanight,oseanight,,20,0
orionbeltgirl,orionbeltgirl,,47,0
rachelamnd14,rachelamnd14,,47,0.000376
orimkhoirul23,orimkhoirul23,,20,0
orgsm95,orgsm95,,182,0
ceritadarimalam,ceritadarimalam,,182,0
orgrendahan,orgrendahan,,183,0
divaalfiah,divaalfiah,,183,0
oreocuros,oreocuros,,184,0
keeylaaaaaaaaaa,keeylaaaaaaaaaa,,184,0
kamusiapayak,kamusiapayak,,184,0
mbawangg,mbawangg,,5,0
orchxid,orchxid,,3,0
orchidzyone,orchidzyone,,185,0
chaeraelk,chaeraelk,,185,0
oocomfortzone,oocomfortzone,,186,0
cathions,cathions,,186,0
nrossiee,nrossiee,,187,0
studywithgee,studywithgee,,187,0
nrlsaes,nrlsaes,,188,0
txtgetsunova,txtgetsunova,,188,0
sadneusss,sadneusss,,20,0
nisamabaundip,nisamabaundip,,189,0
kimjonunh,kimjonunh,,189,0
nfifah23,nfifah23,,190,0
fizzyflanks,fizzyflanks,,190,0
medsstud,medsstud,,23,0
nextarrcokelat,nextarrcokelat,,20,0
newhopekila,newhopekila,,20,0.001881
meim99_,meim99_,,191,0
markcitygurl,markcitygurl,,191,0
mejikuhibinniu,mejikuhibinniu,,192,0
xxshineyz,xxshineyz,,192,0
nevermindeuz,nevermindeuz,,20,0.001881
mekdiiioreo,mekdiiioreo,,5,0
neverasktoborn,neverasktoborn,,3,0
neupuz,neupuz,,5,0
netaijal,netaijal,,193,0
nyonkrg,nyonkrg,,193,0
nestleysya,nestleysya,,5,0
nelvaaze,nelvaaze,,0,0.000162
memeykarta,memeykarta,,0,0.000901
nelladrs,nelladrs,,61,0
nelheeyoung,nelheeyoung,,194,0
novpdd,novpdd,,194,0
ndnrilha,ndnrilha,,20,0
ndhrbt1,ndhrbt1,,20,0
ttlindonesia,ttlindonesia,,20,0.000376
ndatawlah,ndatawlah,,5,0
melancholycurse,melancholycurse,,195,0
ssrmao,ssrmao,,195,0
nawasenaa,nawasenaa,,3,0
meliyetik,meliyetik,,196,0
clobe,clobe,,196,0
naufalaal_,naufalaal_,,5,0
ningznin,ningznin,,116,0
njunnnana,njunnnana,,197,0
lucynaomii,lucynaomii,,197,0
mcflurrybubble,mcflurrybubble,,20,0
medeeiia,medeeiia,,3,0
haru_010410,haru_010410,,188,0
vazlae,vazlae,,20,0.000918
me0wsh,me0wsh,,20,0
noviceartistt,noviceartistt,,198,0
_clairdxlunx,_clairdxlunx,,198,0
nouvieiies,nouvieiies,,29,0
maublajar,maublajar,,29,0.000376
notyourexxx_,notyourexxx_,,199,0
hijustcallwawa,hijustcallwawa,,199,0
notiogic,notiogic,,3,0
meanwhild,meanwhild,,95,0
notconnectioonn,notconnectioonn,,5,0
mebeingmeitsme,mebeingmeitsme,,200,0
vaniaaaambis,vaniaaaambis,,200,0
nore2dx,nore2dx,,201,0
rooooollllll,rooooollllll,,201,0
noodlezzzip,noodlezzzip,,202,0.000001
snowgumzzz,snowgumzzz,,202,0
nakaivvy,nakaivvy,,202,0
canstuy,canstuy,,202,0
nonakimry,nonakimry,,203,0
flyfromhell,flyfromhell,,203,0
nolivepeople,nolivepeople,,3,0
noecharm,noecharm,,5,0
nochtrnl,nochtrnl,,204,0
munfess,munfess,,204,0
nobeeta_,nobeeta_,,205,0
jolovesji,jolovesji,,205,0
nobaramyeon,nobaramyeon,,206,0
ssefnum,ssefnum,,206,0.000001
nnjaemi,nnjaemi,,207,0
imnayeonmygirl,imnayeonmygirl,,207,0
nnismal,nnismal,,208,0
wmhendra_,wmhendra_,,208,0
nnajaeminiest,nnajaeminiest,,209,0
shijakbuteodaa,shijakbuteodaa,,209,0
nkcthi___,nkcthi___,,210,0
maujadicrushmu,maujadicrushmu,,210,0
sadboy1410,sadboy1410,,211,0
thisbluemarie,thisbluemarie,,211,0
09yjm,09yjm,,23,0
sahrra00,sahrra00,,3,0.000915
wierdify,wierdify,,20,0
whociamesia,whociamesia,,20,0
who_realizes,who_realizes,,5,0
whish3s,whish3s,,5,0
wheeinnnnn,wheeinnnnn,,212,0
straykdzchan,straykdzchan,,212,0
wedeliastudy,wedeliastudy,,44,0
ciaooo000,ciaooo000,,44,0.000376
wecall11nine,wecall11nine,,213,0
taekyootie,taekyootie,,213,0
waytogoals,waytogoals,,214,0
winneopen,winneopen,,214,0
be_owenz,be_owenz,,214,0
watanabehera,watanabehera,,3,0
wasserdruck,wasserdruck,,215,0
mmmaaauuulll_,mmmaaauuulll_,,215,0
wantitsobad,wantitsobad,,5,0
wannabesnowman,wannabesnowman,,20,0
wannabegzoox,wannabegzoox,,216,0
violetblueish,violetblueish,,216,0
wangjjake,wangjjake,,217,0
lunerpw,lunerpw,,217,0
wakasacult,wakasacult,,218,0
sanzupaws,sanzupaws,,218,0
wajibngambisbgt,wajibngambisbgt,,3,0
waeenyoeell,waeenyoeell,,0,0
w0zzteria,w0zzteria,,20,0
voile27,voile27,,3,0
voievode01,voievode01,,219,0
sahabatbrainly,sahabatbrainly,,219,0
vivielawantii,vivielawantii,,134,0
ahdwik__,ahdwik__,,134,0.000752
vitamiiinc_,vitamiiinc_,,32,0.000155
visentiaiko,visentiaiko,,221,0
mondmaadchen_,mondmaadchen_,,221,0
vinmoriarty,vinmoriarty,,3,0
vimard_,vimard_,,222,0
ossocleo,ossocleo,,222,0
vickzz14,vickzz14,,20,0
vickyutami2,vickyutami2,,223,0.00433
tegarrm11,tegarrm11,,223,0
widodotesla,widodotesla,,32,0
wiiiskes,wiiiskes,,224,0
mylktae,mylktae,,224,0
xsoarcist,xsoarcist,,3,0
wintermiif,wintermiif,,225,0
icutiejaemin,icutiejaemin,,225,0
xryqzaa,xryqzaa,,3,0
xrrava,xrrava,,3,0
xrackedaccount,xrackedaccount,,61,0
xoxo22happiest,xoxo22happiest,,226,0
ynrlj08,ynrlj08,,226,0
xo_fa_xo,xo_fa_xo,,5,0
xnysaz,xnysaz,,5,0
xmnallzee,xmnallzee,,22,0
funnytummy_,funnytummy_,,22,0.000001
xkylz_dll,xkylz_dll,,5,0
xkeyzia,xkeyzia,,227,0
eunheeberries,eunheeberries,,227,0
xiuwany,xiuwany,,79,0
xiaaau,xiaaau,,228,0
sadgurlzzz11,sadgurlzzz11,,228,0
xezens,xezens,,20,0
xeexawxeenx,xeexawxeenx,,20,0
xayizee,xayizee,,23,0
xaracryst,xaracryst,,5,0
x1xiboba,x1xiboba,,229,0
fluffykaia,fluffykaia,,229,0
wtfjaktim,wtfjaktim,,230,0
highekspektasi,highekspektasi,,230,0
worldqar,worldqar,,5,0
wooseoj,wooseoj,,231,0
hangyuf,hangyuf,,231,0
wonyourbae,wonyourbae,,78,0
wonpilmart,wonpilmart,,232,0
y00nddablue,y00nddablue,,232,0
antarsayapulang,antarsayapulang,,232,0
wonkecii,wonkecii,,233,0
yujsoob,yujsoob,,233,0
woncevs,woncevs,,234,0
hermbione,hermbione,,234,0
wntrrgrdn_,wntrrgrdn_,,235,0
cloudy_vread,cloudy_vread,,235,0
wjyd_22,wjyd_22,,236,0
asyllib,asyllib,,236,0
winztersoldier,winztersoldier,,5,0
wintervkooo,wintervkooo,,5,0
taeexyz,taeexyz,,223,0.00155
struggle9belas,struggle9belas,,223,0
ssophrosynee,ssophrosynee,,223,0.001249
serotoninstud,serotoninstud,,223,0
urheartbreakx,urheartbreakx,,5,0
urfavshuman,urfavshuman,,5,0
urbebl0uffee,urbebl0uffee,,5,0
uranyus,uranyus,,237,0
cayendoj,cayendoj,,237,0
unnoticezen,unnoticezen,,238,0
jaemcityx,jaemcityx,,238,0.000002
uncpsiar,uncpsiar,,239,0
prkdlx,prkdlx,,239,0.001127
unavailable6661,unavailable6661,,240,0
undipmenfess,undipmenfess,,240,0
ulululluu,ulululluu,,5,0
uknwmeright,uknwmeright,,0,0
ugmduadua,ugmduadua,,241,0
esra81787871,esra81787871,,241,0
ucancallmeyunn,ucancallmeyunn,,5,0
ucaaaaay,ucaaaaay,,5,0
uburuburuu,uburuburuu,,242,0.001127
napakotel,napakotel,,242,0
kittenflawu,kittenflawu,,242,0
gerimisnind,gerimisnind,,242,0
ubur_uburmerah,ubur_uburmerah,,32,0
typingmybest,typingmybest,,243,0
tupperwery,tupperwery,,243,0
tymochie,tymochie,,244,0
zweetbangtan,zweetbangtan,,244,0
txtfromshasa,txtfromshasa,,245,0
preci0usgirll,preci0usgirll,,245,0
txtdrawan,txtdrawan,,30,0
txtdarironil,txtdarironil,,20,0
vuinttone,vuinttone,,13,0
consteiie,consteiie,,13,0
cilsland,cilsland,,30,0
txlmcc,txlmcc,,246,0
thaliamecca,thaliamecca,,246,0
twutwah,twutwah,,0,0.000751
historiye,historiye,,0,0.000376
tweetscognito,tweetscognito,,5,0
urielflames,urielflames,,95,0.000376
falllni,falllni,,95,0
urlovelymeow,urlovelymeow,,95,0
troismotsvides,troismotsvides,,95,0.000376
urrprecioustan,urrprecioustan,,20,0
vermmouht,vermmouht,,3,0.000376
dkfeeel,dkfeeel,,3,0
orishh_,orishh_,,223,0
kudila_,kudila_,,223,0
jaeminnabigwin,jaeminnabigwin,,223,0
gtwusiapa,gtwusiapa,,223,0
goenawan_dedi,goenawan_dedi,,223,0.00057
casjourney,casjourney,,223,0
cabatprojenn,cabatprojenn,,223,0
browniefluffy,browniefluffy,,223,0.000309
bichsanul,bichsanul,,223,0
vethernal,vethernal,,5,0
alonevrydy,alonevrydy,,5,0.000376
venusblaack,venusblaack,,5,0
jejeenum,jejeenum,,223,0
veildiablo,veildiablo,,247,0
iatoxicera,iatoxicera,,247,0
is0cost,is0cost,,20,0
vasyaksm,vasyaksm,,3,0.000915
vanillaltte22,vanillaltte22,,0,0
vanctei,vanctei,,248,0
soonkissad,soonkissad,,248,0
valleznx,valleznx,,249,0
trili_haja21,trili_haja21,,249,0
vadzhrhwd,vadzhrhwd,,29,0
user80972,user80972,,250,0
masukptn2k22,masukptn2k22,,250,0
user00282622728,user00282622728,,20,0
rodeoyuno,rodeoyuno,,223,0
xrytired,xrytired,,0,0
xsomanyvoicesx,xsomanyvoicesx,,251,0
brokenstrays,brokenstrays,,251,0
pinksiyong,pinksiyong,,0,0
oaseyama,oaseyama,,0,0
niceniecesix,niceniecesix,,0,0
mlnsunglix,mlnsunglix,,0,0
loveliveletter,loveliveletter,,0,0
jiwvookim,jiwvookim,,0,0
jinsuyya,jinsuyya,,0,0
ivnjno,ivnjno,,0,0
hiraelix,hiraelix,,0,0
edweils,edweils,,0,0
chanseonga,chanseonga,,0,0
cerdaspeople,cerdaspeople,,0,0
bubleclo,bubleclo,,0,0
ayangiesicheng,ayangiesicheng,,0,0.000376
amazinhg,amazinhg,,0,0
zenimaoya,zenimaoya,,252,0
skyelaster,skyelaster,,252,0
needle_dj,needle_dj,,252,0
unsoedfess1963,unsoedfess1963,,9,0
matchaawa,matchaawa,,9,0.00002
ambisstudd,ambisstudd,,9,0.000752
sweetpeagf,sweetpeagf,,23,0
sunnydejuniee,sunnydejuniee,,23,0
sayahelo,sayahelo,,23,0
papayavocadoes,papayavocadoes,,23,0
mulberyiy,mulberyiy,,23,0
orch____id,orch____id,,0,0
princssjennie,princssjennie,,0,0
xunyize,xunyize,,20,0
renbigwin,renbigwin,,0,0
ztzvall,ztzvall,,253,0
cutiebunnyieww,cutiebunnyieww,,253,0
zrtnj,zrtnj,,5,0
zrhyme_25,zrhyme_25,,61,0
zonaeaj,zonaeaj,,5,0
zofufo,zofufo,,254,0
scksprsn,scksprsn,,254,0
zoastudy,zoastudy,,3,0
zlaraaa27,zlaraaa27,,255,0
thaiteastudy,thaiteastudy,,255,0
zigomycota,zigomycota,,61,0
ljndoyie,ljndoyie,,145,0
zeusswet,zeusswet,,256,0
kasttangel,kasttangel,,256,0
zerotohiros,zerotohiros,,5,0
zepeted,zepeted,,257,0
vdfhel,vdfhel,,257,0
zenoiev0423,zenoiev0423,,48,0
jie_noona15,jie_noona15,,48,0.000001
zeniussupport,zeniussupport,,258,0
bagusbiasa6,bagusbiasa6,,258,0
persecoredes,persecoredes,,5,0
ambisitb2022,ambisitb2022,,5,0
zeniuslelicia,zeniuslelicia,,259,0
funami_iidx,funami_iidx,,259,0
zeniusbyme,zeniusbyme,,260,0
aqillafaya,aqillafaya,,260,0
littleewolffs,littleewolffs,,0,0
kochenkie,kochenkie,,0,0
keaybi,keaybi,,0,0
caluvstud,caluvstud,,0,0
tingkiwingki21,tingkiwingki21,,0,0.00002
studyize,studyize,,0,0
shourtcakee,shourtcakee,,23,0.001127
sha59964370,sha59964370,,0,0
mgreenteaz,mgreenteaz,,23,0
iamsashyaa,iamsashyaa,,23,0
hhazelkim,hhazelkim,,23,0
haechavr,haechavr,,23,0
yourcicillia,yourcicillia,,95,0
youniversean,youniversean,,20,0
yoshiluvy,yoshiluvy,,261,0
kentangnyaruto_,kentangnyaruto_,,261,0
yoshi__yoo,yoshi__yoo,,29,0
yorobunzen,yorobunzen,,5,0
yoooambiss,yoooambiss,,5,0
yoonjeyi,yoonjeyi,,262,0
2304days,2304days,,262,0
yonkyoungk,yonkyoungk,,263,0
ojodaboniven,ojodaboniven,,263,0
yonkcheese,yonkcheese,,3,0
yoenny141,yoenny141,,20,0
yodamie,yodamie,,264,0
rjcollect,rjcollect,,264,0
ynamsaeng,ynamsaeng,,5,0
yesikapesetah,yesikapesetah,,0,0
yesikaann,yesikaann,,9,0
yerinnykim,yerinnykim,,265,0
doykimm_,doykimm_,,265,0
yennovianti,yennovianti,,266,0
birthdayboyjjen,birthdayboyjjen,,266,0
yellingoutt,yellingoutt,,5,0.000376
anotheroficha,anotheroficha,,5,0
yeaaaaa1234,yeaaaaa1234,,267,0
jgukdior,jgukdior,,267,0
ydelfay,ydelfay,,268,0
tresno_arto,tresno_arto,,268,0
yceagers,yceagers,,20,0
yayoungiee,yayoungiee,,269,0
annung1717,annung1717,,269,0
yasyas878,yasyas878,,3,0
yasukseslah,yasukseslah,,270,0
shoxella,shoxella,,270,0
yaspip,yaspip,,271,0
gerimisdingin,gerimisdingin,,271,0
peetassbread,peetassbread,,3,0
yaaainisiapa,yaaainisiapa,,5,0
xyzstdy,xyzstdy,,3,0
yournaddy,yournaddy,,5,0
yoursiriusss,yoursiriusss,,5,0
yoursunnshine_,yoursunnshine_,,5,0
classimoon,classimoon,,47,0.000376
guemuk,guemuk,,23,0
friantobasuki,friantobasuki,,23,0
floerlilsuns,floerlilsuns,,23,0
evanescenzt,evanescenzt,,23,0.000376
cutieasv,cutieasv,,23,0
bonjouvr,bonjouvr,,23,0
zenalolosutbk22,zenalolosutbk22,,272,0
pengenits,pengenits,,272,0
zeeuze,zeeuze,,47,0.004103
rutoothings,rutoothings,,47,0
edennorthe,edennorthe,,47,0
affogadto,affogadto,,47,0
ysputri__,ysputri__,,273,0
nanadngambis,nanadngambis,,273,0
zarschev,zarschev,,5,0
zalfayre,zalfayre,,5,0
zainumzahran,zainumzahran,,20,0
yyours_s,yyours_s,,5,0.000376
yutachtien,yutachtien,,274,0
sweety0ngg,sweety0ngg,,274,0
yungnikiii,yungnikiii,,32,0.0049
yukbisasemangat,yukbisasemangat,,5,0.000376
gaizkahaha,gaizkahaha,,5,0
ytanakamo,ytanakamo,,275,0
physiciansoon,physiciansoon,,275,0
ytaeluvv,ytaeluvv,,276,0
kokoradenmogu,kokoradenmogu,,276,0
tweetislamii,tweetislamii,,30,0
tupfai,tupfai,,277,0
cryptosanthoshg,cryptosanthoshg,,277,0
tubatu_addicted,tubatu_addicted,,5,0
smootiess,smootiess,,278,0
raraakunambis,raraakunambis,,278,0
slytherxie,slytherxie,,0,0
slvirsa,slvirsa,,279,0
maujadiorkay,maujadiorkay,,279,0
sltupid,sltupid,,280,0
convomfs,convomfs,,280,0.000001
slasherkids,slasherkids,,281,0
horribietakes,horribietakes,,281,0
skyxlily,skyxlily,,20,0
skywithluvya,skywithluvya,,61,0
skyofjava,skyofjava,,20,0
skiesonyou,skiesonyou,,20,0.000376
sn6tn,sn6tn,,20,0
siyfrnaaa,siyfrnaaa,,20,0
siriuuvs,siriuuvs,,3,0
siodys,siodys,,3,0
singkitdiary,singkitdiary,,3,0
simp4nb,simp4nb,,20,0
simanullangboy,simanullangboy,,282,0
miraclesitompul,miraclesitompul,,282,0
silverqueern,silverqueern,,3,0.000376
janrinj,janrinj,,3,0
sichengurl,sichengurl,,88,0
siailan,siailan,,65,0
siabongx_,siabongx_,,283,0
pearll_y,pearll_y,,283,0
moonstarslin,moonstarslin,,23,0
gabutpipell,gabutpipell,,23,0
shotarozaki,shotarozaki,,5,0
shny03,shny03,,284,0
polcanisme,polcanisme,,284,0
shiruunz,shiruunz,,32,0
shirayuri0616,shirayuri0616,,94,0
shinsukqe,shinsukqe,,285,0
niksrot,niksrot,,285,0
shineeyo0pie,shineeyo0pie,,9,0
smileveryydayy,smileveryydayy,,286,0
nyawmiazks_,nyawmiazks_,,286,0
sntyche,sntyche,,31,0
tsavahna,tsavahna,,3,0.000751
sofciety,sofciety,,287,0
terrciduk,terrciduk,,287,0
sszvize,sszvize,,288,0.000001
ambiss17,ambiss17,,288,0
sstudyaddict,sstudyaddict,,5,0
sstrnice,sstrnice,,20,0.000188
rifaa_fitria,rifaa_fitria,,20,0
sss_aeri,sss_aeri,,3,0.000915
acciostoreofc,acciostoreofc,,223,0.000166
sshapiera,sshapiera,,289,0
brown_suugaar,brown_suugaar,,289,0
ssearrahh,ssearrahh,,61,0
sscarletsk,sscarletsk,,290,0
pudusmollie,pudusmollie,,290,0
ssahyaa,ssahyaa,,291,0
azaleyyaa,azaleyyaa,,291,0.000003
sriwijaya_bsnjo,sriwijaya_bsnjo,,5,0
squisholic_,squisholic_,,5,0
sptzkyh,sptzkyh,,61,0
sparklingbub,sparklingbub,,5,0
spajabole,spajabole,,3,0
spacdust,spacdust,,5,0
sourcerries,sourcerries,,0,0
sotoooayammm,sotoooayammm,,292,0
ayamtaru,ayamtaru,,292,0
sorrelsoup__,sorrelsoup__,,32,0.000376
thereseclaire_,thereseclaire_,,32,0
soontobegamada,soontobegamada,,3,0
soodam_husband,soodam_husband,,5,0
sondesyip,sondesyip,,293,0
sapirbluu,sapirbluu,,293,0
somethingsw33tt,somethingsw33tt,,20,0
sombhonkamat,sombhonkamat,,294,0
seapeachys,seapeachys,,294,0
solehabknsolime,solehabknsolime,,5,0
shineambis,shineambis,,23,0
shillamauits,shillamauits,,295,0
clnactuaire,clnactuaire,,295,0
shiibbran,shiibbran,,20,0
sheeeerinn,sheeeerinn,,95,0
lylackett,lylackett,,3,0
ehapayabingung,ehapayabingung,,3,0.000376
scndofwil,scndofwil,,9,0.000751
toralanguru,toralanguru,,9,0.000376
scmeru,scmeru,,23,0
schh22,schh22,,3,0
schareinjun,schareinjun,,296,0
imyour_id,imyour_id,,296,0
sbuxrecipe,sbuxrecipe,,5,0
sbm2022amin,sbm2022amin,,297,0
kitty0413,kitty0413,,297,0
sayyaswaaa,sayyaswaaa,,223,0
moothyea,moothyea,,223,0.000376
sayangfk,sayangfk,,32,0
sawoberrie,sawoberrie,,298,0
kataibugwcakep,kataibugwcakep,,298,0
saturnuszhra,saturnuszhra,,0,0
satpam_kmplk,satpam_kmplk,,3,0.000376
m0oorklee,m0oorklee,,3,0
sashsif,sashsif,,20,0
sasgantar,sasgantar,,299,0
shbeiie,shbeiie,,299,0
sasastudy,sasastudy,,5,0
sara25284157,sara25284157,,300,0
superd_ean,superd_ean,,300,0
sanygah,sanygah,,301,0
ataehyeong,ataehyeong,,301,0
sandglassess,sandglassess,,129,0
samvisk,samvisk,,5,0
samuelwls,samuelwls,,302,0
ahmadzakiyudin_,ahmadzakiyudin_,,302,0
sampurasunc,sampurasunc,,29,0
sameenergy10,sameenergy10,,61,0
salturnuss,salturnuss,,5,0
salmastruggle,salmastruggle,,5,0
salm00wnz,salm00wnz,,3,0
sakaumm,sakaumm,,60,0
saikaawa,saikaawa,,303,0
little__soul,little__soul,,303,0
sedangberfiqir,sedangberfiqir,,134,0
pecintalatte__,pecintalatte__,,134,0.000376
sedikidnormal,sedikidnormal,,95,0.002593
aurellovee,aurellovee,,95,0.002114
chiayouu,chiayouu,,95,0.000519
serenadefor_2,serenadefor_2,,3,0
shcinji,shcinji,,0,0
shayeerah,shayeerah,,304,0
vicegirl98,vicegirl98,,304,0
sharon_zenius,sharon_zenius,,305,0.003757
theonlyokti,theonlyokti,,305,0
gaaragtng,gaaragtng,,305,0.000376
dyoovr,dyoovr,,305,0
shallmeet_loey,shallmeet_loey,,306,0
premding,premding,,306,0
shaaturday,shaaturday,,307,0
httpsvanes,httpsvanes,,307,0
sftraaa,sftraaa,,20,0
settuce,settuce,,308,0
yesiamjasmin,yesiamjasmin,,308,0
setannlucky,setannlucky,,309,0
jinnieatr,jinnieatr,,309,0
serinshi,serinshi,,310,0
madubenkyou,madubenkyou,,310,0
seputartopik,seputartopik,,5,0
peachyypickle,peachyypickle,,95,0
septgvy,septgvy,,311,0
stomatcha,stomatcha,,311,0
senseodie,senseodie,,5,0
seminggulagi,seminggulagi,,312,0
owrientasi,owrientasi,,312,0
semestajenuh,semestajenuh,,5,0
semangkabulan,semangkabulan,,29,0
semangattbljr22,semangattbljr22,,3,0.000752
teumeambis,teumeambis,,3,0
enaqtauuuuu,enaqtauuuuu,,3,0
semangatinakuw,semangatinakuw,,5,0
selpiaap,selpiaap,,313,0
sshzzxy,sshzzxy,,313,0
sehunnshinee,sehunnshinee,,5,0
strawberychocoo,strawberychocoo,,288,0
stabesson,stabesson,,5,0
stardustzr,stardustzr,,280,0
swwhun,swwhun,,314,0
delightfulight,delightfulight,,314,0
tetesown,tetesown,,5,0
tesatesatesaa,tesatesatesaa,,5,0
tersahisahi,tersahisahi,,315,0
yedamsmate,yedamsmate,,315,0
tenriyyy_,tenriyyy_,,5,0
tengkyuneks,tengkyuneks,,5,0
jennstudy,jennstudy,,5,0.000376
tembemv,tembemv,,206,0
telorcepiog,telorcepiog,,316,0
txtuhy,txtuhy,,316,0
teccasdsmp,teccasdsmp,,317,0
ffoodfess,ffoodfess,,317,0
tebaksiapayo,tebaksiapayo,,318,0
risoljamur,risoljamur,,318,0
teafunnygeez,teafunnygeez,,5,0
taureqn,taureqn,,29,0
tatahhaha,tatahhaha,,3,0
tanfullsun,tanfullsun,,3,0
tagovailoa_,tagovailoa_,,319,0
adhipramonooo,adhipramonooo,,319,0
taewzrd,taewzrd,,320,0
lyuvjigguk,lyuvjigguk,,320,0.000001
taemybby,taemybby,,321,0
kebongean,kebongean,,321,0
sukedelai,sukedelai,,223,0
dreamnforward,dreamnforward,,223,0.000534
taebearys,taebearys,,322,0.000001
noctekv,noctekv,,322,0
kbpenyintas,kbpenyintas,,322,0
enhypen_members,enhypen_members,,322,0
taaannntann,taaannntann,,323,0
itzaixovvy,itzaixovvy,,323,0
t1l9t81,t1l9t81,,95,0
1r481n,1r481n,,95,0.000376
sygarpl,sygarpl,,20,0
syawalyani,syawalyani,,3,0
mekyungsui,mekyungsui,,223,0
thaichans,thaichans,,324,0
plummywrld,plummywrld,,324,0
tinibinnie,tinibinnie,,325,0
rintarouzie,rintarouzie,,325,0
rabiebz,rabiebz,,3,0.000376
trlsribosomm,trlsribosomm,,61,0
trealogy,trealogy,,326,0
gabisamupon,gabisamupon,,326,0
trashytribute,trashytribute,,20,0
topiksemalam,topiksemalam,,327,0
komorebby,komorebby,,327,0
tootime2time_,tootime2time_,,328,0
baseumum,baseumum,,328,0
tomioxa,tomioxa,,5,0
tolonksaltyinaq,tolonksaltyinaq,,5,0
tokopedisa,tokopedisa,,329,0
accountantz_,accountantz_,,329,0
tokopakagus,tokopakagus,,330,0
thepurpletshirt,thepurpletshirt,,330,0
todayis_eyen,todayis_eyen,,5,0
todayis_chaaa,todayis_chaaa,,5,0
tnkbell12,tnkbell12,,61,0
thatsruffbuddy,thatsruffbuddy,,20,0
tikusblonde,tikusblonde,,5,0
tidakputusasa_,tidakputusasa_,,291,0
tubirfess,tubirfess,,291,0.000001
tidakbolehmalas,tidakbolehmalas,,5,0
thrigonometri,thrigonometri,,9,0
thndpnpgnkuliah,thndpnpgnkuliah,,331,0
nisnotes,nisnotes,,331,0
thewinner_03,thewinner_03,,20,0
thesunwillbeam,thesunwillbeam,,20,0
therebahan,therebahan,,5,0.000376
petervangils7g1,petervangils7g1,,5,0
theqids,theqids,,5,0
theodore_rjndr,theodore_rjndr,,5,0
the_bluessky,the_bluessky,,61,0
the2nd_kira,the2nd_kira,,32,0
syahrianhaekal,syahrianhaekal,,32,0
sweetzjunhui,sweetzjunhui,,5,0
starfdust,starfdust,,141,0
sweetydoughnut,sweetydoughnut,,20,0
studyima,studyima,,332,0
ambizwithucup,ambizwithucup,,332,0
studyfaaaa,studyfaaaa,,333,0
imamazingrn,imamazingrn,,333,0
studyeuph,studyeuph,,334,0
hotmaanparis,hotmaanparis,,334,0
studydies,studydies,,335,0
rheanjunn,rheanjunn,,335,0
studybudddy,studybudddy,,135,0
studyayle,studyayle,,5,0.000376
summearry,summearry,,5,0
studyasfuck,studyasfuck,,5,0
fatiaaqila,fatiaaqila,,5,0
studiiy,studiiy,,20,0
studiesrn,studiesrn,,336,0
cherambiss,cherambiss,,336,0
studiehart,studiehart,,20,0
studiberries,studiberries,,5,0
studaccanggi,studaccanggi,,5,0
strippyn,strippyn,,5,0
strawbeeried,strawbeeried,,20,0
jeeejeeejee,jeeejeeejee,,20,0
stinkyiss,stinkyiss,,3,0
stinkyburgers,stinkyburgers,,337,0
vanyazzahra,vanyazzahra,,337,0
stilltryingplss,stilltryingplss,,338,0
forambis,forambis,,338,0
divvla1,divvla1,,338,0
stillaliveye,stillaliveye,,61,0
stfux13,stfux13,,3,0
stazzmon,stazzmon,,339,0
mencobarajinn,mencobarajinn,,339,0
stayrmg,stayrmg,,340,0
siscakolh,siscakolh,,340,0
starsshineee,starsshineee,,5,0
starlight_ok,starlight_ok,,3,0
studyiren,studyiren,,341,0
sdoodioo,sdoodioo,,341,0
studynamitee,studynamitee,,342,0
hooneyeol,hooneyeol,,342,0
studynowproud,studynowproud,,313,0
sunleaky,sunleaky,,32,0
sweettaroo,sweettaroo,,20,0
sweetbrownice,sweetbrownice,,32,0
sweetberrly,sweetberrly,,5,0
susujeruk1,susujeruk1,,20,0
sushitrashf,sushitrashf,,343,0
ohmyyunki,ohmyyunki,,343,0
sushienaktauu,sushienaktauu,,3,0
suprmh00p,suprmh00p,,238,0
supercuriouss,supercuriouss,,5,0
sunshinepily,sunshinepily,,344,0
crispyfairy,crispyfairy,,344,0
sunscentsp,sunscentsp,,0,0
sunnymoondaay,sunnymoondaay,,5,0
sunndaylight,sunndaylight,,345,0
rakyatasgard,rakyatasgard,,345,0
sunmolor,sunmolor,,346,0
ddumbiie,ddumbiie,,346,0
sun6flower_s,sun6flower_s,,29,0
studywithcika,studywithcika,,347,0
urmatchaw,urmatchaw,,347,0
sukacanduu,sukacanduu,,348,0
greencha__,greencha__,,348,0
sugasecretary,sugasecretary,,5,0
sugarroar,sugarroar,,349,0
keiilahaha,keiilahaha,,349,0
suckcietyy,suckcietyy,,61,0.002077
nectarwalk,nectarwalk,,61,0
4thgenitboyjun,4thgenitboyjun,,172,0
stwufdy,stwufdy,,48,0
stvdyca,stvdyca,,350,0
stufffzx,stufffzx,,350,0
stupid_medstud,stupid_medstud,,5,0
studyyeay,studyyeay,,5,0
dreamerstudyy,dreamerstudyy,,81,0
studywithsa,studywithsa,,3,0.000376
mabaygbukanmaba,mabaygbukanmaba,,20,0
ljystudz,ljystudz,,351,0.000001
ccherrychuu,ccherrychuu,,351,0
lya_jpark,lya_jpark,,5,0
chymmynie,chymmynie,,5,0
chrssss_,chrssss_,,0,0
choxco,choxco,,5,0
choppharo_,choppharo_,,20,0
chemphysicsuck,chemphysicsuck,,3,0
chemissu,chemissu,,20,0
chemiseutry,chemiseutry,,5,0
chemicalphobyc,chemicalphobyc,,20,0.000376
chawmomile,chawmomile,,352,0
yeonbwin,yeonbwin,,352,0
charmingdrac0,charmingdrac0,,20,0
chaotichoes,chaotichoes,,353,0
drunkerthink,drunkerthink,,353,0
chanlsty,chanlsty,,354,0
solelytolove,solelytolove,,354,0
chaniechaniee,chaniechaniee,,355,0
nadsunoo,nadsunoo,,355,0
chandeluna,chandeluna,,356,0
aulion,aulion,,356,0
chalkyrie,chalkyrie,,20,0
chachaatdy,chachaatdy,,357,0
urmarklee99,urmarklee99,,357,0
cfcboks,cfcboks,,3,0
cewebaik_,cewebaik_,,0,0
cestmoiadenn,cestmoiadenn,,358,0
kejuricheeze,kejuricheeze,,358,0
centivl,centivl,,359,0
echaml__,echaml__,,359,0
centacea,centacea,,360,0
dairysambatanku,dairysambatanku,,360,0
cemangatyu,cemangatyu,,3,0
cellacakes_,cellacakes_,,0,0
ccknwia,ccknwia,,9,0
cciwworr,cciwworr,,5,0
ciggaftermeal,ciggaftermeal,,361,0
anggurmaroon,anggurmaroon,,361,0
craetaceus,craetaceus,,362,0
kogassi,kogassi,,362,0
cinambis,cinambis,,3,0
crackegg2,crackegg2,,363,0
ukuuu4,ukuuu4,,363,0
cosmiciattte,cosmiciattte,,9,0
cordeliaspicy,cordeliaspicy,,364,0
lovlyxmg,lovlyxmg,,364,0
coralynne9,coralynne9,,61,0
coralandsummer_,coralandsummer_,,365,0
desieeci,desieeci,,365,0
comeandxoxo,comeandxoxo,,366,0
cowtoonn,cowtoonn,,366,0
colourofskyyyyy,colourofskyyyyy,,20,0
cokelataro,cokelataro,,3,0
clorophhyl,clorophhyl,,3,0.000188
coelenterataa,coelenterataa,,5,0
coaceiia,coaceiia,,13,0
clumsyoe,clumsyoe,,367,0
koaqlaa,koaqlaa,,367,0
clownhater0,clownhater0,,3,0
cloudyjen00,cloudyjen00,,368,0
chendellion,chendellion,,368,0
cloudissie,cloudissie,,5,0
cloudishlly,cloudishlly,,369,0
caastudyy,caastudyy,,369,0
cloud1xd,cloud1xd,,370,0
jonelis__,jonelis__,,370,0
cleyopatttra,cleyopatttra,,3,0.000915
clevereonjwin,clevereonjwin,,3,0
cleolearn,cleolearn,,3,0
claudeloey,claudeloey,,3,0
geulisgurl,geulisgurl,,47,0
clarvrisa,clarvrisa,,3,0
cjreamy,cjreamy,,371,0
lalaloveyy__,lalaloveyy__,,371,0
citacitatercpai,citacitatercpai,,223,0
cipastuds,cipastuds,,248,0
cingkiya,cingkiya,,5,0
ccermide,ccermide,,5,0
cccloudyjeon,cccloudyjeon,,3,0
catyow,catyow,,0,0
catsenja,catsenja,,9,0
gummst,gummst,,29,0
cwangtip33,cwangtip33,,29,0
bucincimolll,bucincimolll,,29,0.001127
billstudyy,billstudyy,,29,0
alverailee,alverailee,,29,0
byeohlogee_,byeohlogee_,,0,0
burlywoodie,burlywoodie,,372,0
ocxtober,ocxtober,,372,0
bungatidurrr,bungatidurrr,,61,0
bungaaftr,bungaaftr,,32,0
bumbushashaa,bumbushashaa,,373,0
sunceaura,sunceaura,,373,0
bumbubucin,bumbubucin,,3,0
bukanjinqorin,bukanjinqorin,,5,0
bukan_siapa2moo,bukan_siapa2moo,,291,0
budimanyuman,budimanyuman,,374,0
simulasiku_id,simulasiku_id,,374,0
budikur87744640,budikur87744640,,5,0
bucinsungjin_,bucinsungjin_,,5,0
anak___gembala,anak___gembala,,29,0
buciinbelajar,buciinbelajar,,375,0
liaambis_xx,liaambis_xx,,375,0
buburbayiracer,buburbayiracer,,376,0
akueflin,akueflin,,376,0
bubleteah,bubleteah,,356,0
btcshsopps,btcshsopps,,3,0
brrr0110,brrr0110,,377,0
yeyyzwiee,yeyyzwiee,,377,0
boutjinan,boutjinan,,22,0.000001
reginallegra,reginallegra,,22,0
boutfairy,boutfairy,,378,0
dygnit,dygnit,,378,0
bosriyan,bosriyan,,134,0
andrigunardiii,andrigunardiii,,134,0.000376
borjuisociety,borjuisociety,,379,0
coeursea,coeursea,,379,0
imgoingsollolo,imgoingsollolo,,29,0.000066
kiciwsaurus,kiciwsaurus,,29,0
cactusoi,cactusoi,,5,0
canrelatte,canrelatte,,0,0
canisminorids,canisminorids,,5,0
canduslowmotion,canduslowmotion,,32,0
camillaallif,camillaallif,,5,0
camabaugm22,camabaugm22,,32,0
calonmaba111,calonmaba111,,23,0
callmettaaa,callmettaaa,,380,0
siifkkmk,siifkkmk,,380,0
callmeoty,callmeoty,,381,0
taulusgerl,taulusgerl,,381,0
callmekelee,callmekelee,,3,0
cal0npacarmuuu,cal0npacarmuuu,,29,0
caffeinewin,caffeinewin,,3,0
cactuls,cactuls,,382,0
elleriour,elleriour,,382,0
luccretia,luccretia,,29,0
caandyyliciouss,caandyyliciouss,,3,0
byunsofttea,byunsofttea,,383,0
doyrencute,doyrencute,,383,0
wwirlddst,wwirlddst,,29,0
voriiel,voriiel,,29,0
starrjee,starrjee,,29,0
scaryxxna,scaryxxna,,29,0
reginastnteh,reginastnteh,,29,0
lyoura04,lyoura04,,29,0
crackyclouds,crackyclouds,,3,0
creamycinz,creamycinz,,384,0
hajimaaaaaaah,hajimaaaaaaah,,384,0
fangrun1ns,fangrun1ns,,20,0
elrasr,elrasr,,385,0
pxercys,pxercys,,385,0
eleanor_park7,eleanor_park7,,386,0
legendaryarrow1,legendaryarrow1,,386,0
elaboarte,elaboarte,,29,0
ekonomiui,ekonomiui,,3,0
ekaltfinurazizh,ekaltfinurazizh,,387,0
cottonwools,cottonwools,,387,0
ekacans__,ekacans__,,5,0
eiydenist,eiydenist,,157,0
eileithsia,eileithsia,,5,0
egkjlsinisp,egkjlsinisp,,5,0
eduteaa,eduteaa,,388,0
future__medstud,future__medstud,,388,0
econoona,econoona,,3,0
economixyz,economixyz,,3,0
echonomically,echonomically,,5,0
echanensiti22,echanensiti22,,20,0.000751
echan_dongsaeng,echan_dongsaeng,,0,0
e_markeu,e_markeu,,5,0
dzuldarojah80,dzuldarojah80,,389,0
edukasystem,edukasystem,,389,0
dwiarts,dwiarts,,5,0
dwiarti22,dwiarti22,,45,0
dwianjanihast,dwianjanihast,,390,0
elisabetguwanto,elisabetguwanto,,390,0
dukunsanted,dukunsanted,,5,0
dudududuruddudu,dudududuruddudu,,20,0
duckvies,duckvies,,29,0
duaperdua,duaperdua,,391,0
nesruneos,nesruneos,,391,0
dsweetpromises,dsweetpromises,,5,0
drugity_,drugity_,,61,0
drowneast,drowneast,,392,0
serotoniyn,serotoniyn,,392,0
drimzie,drimzie,,393,0
ryvjinswag,ryvjinswag,,393,0
elprofessorr_,elprofessorr_,,20,0
elysianbounds,elysianbounds,,5,0
creepersteve13,creepersteve13,,303,0
embunpagikinant,embunpagikinant,,45,0
fajriea_,fajriea_,,394,0
aaaaaaaaaa0022,aaaaaaaaaa0022,,394,0
fajarsuryadew,fajarsuryadew,,395,0
mofaisalakbar,mofaisalakbar,,395,0
faitinggg,faitinggg,,44,0
fairyssom,fairyssom,,29,0
fairynayaa,fairynayaa,,29,0
fairyluvie,fairyluvie,,396,0
xxswr_,xxswr_,,396,0
fadilajadeh_,fadilajadeh_,,397,0
mikeymantji,mikeymantji,,397,0
fadeleesss,fadeleesss,,61,0
audorebel,audorebel,,61,0.001793
fadelabdh_,fadelabdh_,,319,0
faazaaxx,faazaaxx,,5,0
exactlyexact,exactlyexact,,398,0
obsidiaine,obsidiaine,,398,0
evimrsh_,evimrsh_,,5,0
lmansa3,lmansa3,,5,0.000376
everywwon_woo,everywwon_woo,,78,0
everyone_wooooo,everyone_wooooo,,78,0
euvoria_,euvoria_,,5,0
eunsang_pikri,eunsang_pikri,,399,0
viraanih,viraanih,,399,0
nytrika,nytrika,,227,0
etherealhc_,etherealhc_,,5,0
estehpanasding1,estehpanasding1,,20,0.000376
glossiebubs,glossiebubs,,20,0
est_studacc,est_studacc,,3,0
esbobataro,esbobataro,,3,0
erikasalsabl,erikasalsabl,,400,0
itsyogirlsjaoe,itsyogirlsjaoe,,400,0
ereszone,ereszone,,20,0
equinoxeros,equinoxeros,,61,0
enginestud,enginestud,,401,0
tryingmabestt,tryingmabestt,,401,0
emnggr,emnggr,,20,0
dreamislie_,dreamislie_,,20,0
doyoungkim_10,doyoungkim_10,,402,0
chitaglorya,chitaglorya,,402,0
doyoane,doyoane,,403,0
fulixlee,fulixlee,,403,0
deellyyn_,deellyyn_,,3,0
dedeuk,dedeuk,,29,0
deasanasya,deasanasya,,3,0
deact1ve,deact1ve,,32,0
ddoraex,ddoraex,,5,0
ddeongwush,ddeongwush,,404,0
momotanwelo,momotanwelo,,404,0
chercheeri,chercheeri,,404,0
dayxu8_,dayxu8_,,5,0
homerunballcola,homerunballcola,,5,0.000376
daveesjar,daveesjar,,3,0
dat00slove,dat00slove,,405,0
kerelllen,kerelllen,,405,0
darqolate,darqolate,,406,0
lovestozad,lovestozad,,406,0
darknessfourr,darknessfourr,,407,0
flyingkucing,flyingkucing,,407,0
dansedansee,dansedansee,,305,0
dankematian,dankematian,,5,0
dailyxhitpost,dailyxhitpost,,44,0
d1nosauruss,d1nosauruss,,408,0.000001
nuancesize,nuancesize,,408,0
kookstillbby,kookstillbby,,408,0
cvpscake,cvpscake,,29,0
cutieb00n,cutieb00n,,3,0
culameetan,culameetan,,5,0
cucudokja,cucudokja,,409,0
andalasfess,andalasfess,,409,0
crystaliese,crystaliese,,5,0
crynindenyt,crynindenyt,,410,0
ooreki_,ooreki_,,410,0
cruuciio,cruuciio,,20,0
crustaceaee,crustaceaee,,20,0
crmlcrushh,crmlcrushh,,20,0
crlstudy,crlstudy,,9,0
crit_effect,crit_effect,,411,0
_pixlsugr,_pixlsugr,,411,0
definitelybila,definitelybila,,412,0
caramelleah,caramelleah,,412,0
delapus11539704,delapus11539704,,3,0
deluziee,deluziee,,413,0
xxnabilaaz,xxnabilaaz,,413,0
distracsi,distracsi,,29,0
doyiieekim,doyiieekim,,5,0
doychanna,doychanna,,414,0
pcychnyeoll,pcychnyeoll,,414,0
downytigarasa,downytigarasa,,415,0
rintdou,rintdou,,415,0
doounnn_,doounnn_,,5,0
dooty1016,dooty1016,,5,0
doodidaa,doodidaa,,32,0
djx_dejuna,djx_dejuna,,5,0
djunaxxy,djunaxxy,,416,0
mabngo,mabngo,,416,0
divlagibelajar,divlagibelajar,,417,0
rarambis,rarambis,,417,0
diterimafkui,diterimafkui,,95,0.000376
minewithmine,minewithmine,,95,0
ditakim_,ditakim_,,20,0
diritwit,diritwit,,418,0
moonwisherx_,moonwisherx_,,418,0
deskiafp,deskiafp,,5,0
dipmintae,dipmintae,,5,0
dini82661,dini82661,,29,0
dinginluplup,dinginluplup,,45,0
dindumps,dindumps,,78,0
dimdamzz,dimdamzz,,32,0
didodiei,didodiei,,5,0
dhownzy,dhownzy,,29,0
dhiapakeh,dhiapakeh,,0,0
dewiles40958597,dewiles40958597,,0,0
detavyx,detavyx,,5,0
destiactrr,destiactrr,,291,0
boncabeteri,boncabeteri,,5,0
bolpoinw,bolpoinw,,107,0
bocilnihbos,bocilnihbos,,61,0
ambisfebui2022,ambisfebui2022,,3,0
ambiezallday,ambiezallday,,118,0
amazinkkkppl,amazinkkkppl,,3,0
am0yie,am0yie,,3,0
am0licano,am0licano,,419,0
jaeminnuaing,jaeminnuaing,,419,0
alyeolmae,alyeolmae,,5,0
alyawkwkwk,alyawkwkwk,,420,0
afaqihaa_,afaqihaa_,,420,0
alvinbaj,alvinbaj,,421,0
iwuffyouuuuu,iwuffyouuuuu,,421,0
babyavocuddle,babyavocuddle,,421,0
alvernim,alvernim,,422,0
richslacker,richslacker,,422,0
cursedkidd,cursedkidd,,0,0.000001
allyaazara,allyaazara,,5,0
alluireme,alluireme,,5,0
brwniesz,brwniesz,,84,0
alletsacc,alletsacc,,423,0
luckeenreech,luckeenreech,,423,0
aliyyonggs,aliyyonggs,,32,0.000376
kalkulus1a,kalkulus1a,,32,0
alfanda_14,alfanda_14,,424,0
dowoonderfull,dowoonderfull,,424,0
akuuuuuuily,akuuuuuuily,,425,0
vychologist,vychologist,,425,0
akutaurifky,akutaurifky,,134,0.002247
luvinfaisy,luvinfaisy,,134,0.001875
akusyngdoraemon,akusyngdoraemon,,426,0
cocooteee,cocooteee,,426,0
akunyolot,akunyolot,,61,0
akunperjuangani,akunperjuangani,,20,0
akunnyaaca,akunnyaaca,,20,0
akuambisswoyyy,akuambisswoyyy,,5,0
akbar__kun,akbar__kun,,3,0
ajustforanya,ajustforanya,,427,0
makeuvilm,makeuvilm,,427,0
ajiaji032,ajiaji032,,65,0
ambisbesok,ambisbesok,,32,0
ambiskuu,ambiskuu,,428,0
hmzhfzn,hmzhfzn,,428,0
bocilmakji,bocilmakji,,26,0
ambisliciouss,ambisliciouss,,429,0
humancarrot_,humancarrot_,,429,0
anggitarchive,anggitarchive,,430,0
momonih,momonih,,430,0
fk22amin,fk22amin,,161,0
andikaprayogo17,andikaprayogo17,,23,0
andez_c_f,andez_c_f,,431,0
partaisocmed,partaisocmed,,431,0
annisahumairap,annisahumairap,,79,0
anazureine,anazureine,,20,0.001881
anamambis22,anamambis22,,20,0
remostra,remostra,,0,0
amourksw,amourksw,,432,0
h9o3n,h9o3n,,432,0
amortenntia,amortenntia,,5,0
amersyu_,amersyu_,,5,0
ambverss,ambverss,,95,0.001502
likamarkeu,likamarkeu,,95,0
jisoooap,jisoooap,,95,0
devliaon,devliaon,,95,0
chanshuh,chanshuh,,95,0
ambizeee,ambizeee,,433,0
http4le,http4le,,433,0
ambitiounman,ambitiounman,,20,0
ambistidurr,ambistidurr,,0,0
cluvdiigirl,cluvdiigirl,,9,0
ambisssaaa,ambisssaaa,,21,0.000003
ambispgnfk,ambispgnfk,,5,0
ajelyabavissa,ajelyabavissa,,434,0
yoripioangln_,yoripioangln_,,434,0
aj3_n0,aj3_n0,,435,0
errichoco,errichoco,,435,0
aishksoodo,aishksoodo,,436,0
ddaekhyunsooxz,ddaekhyunsooxz,,436,0
aiseeeya,aiseeeya,,3,0
aamiinpsikologi,aamiinpsikologi,,437,0
willbeokay22,willbeokay22,,437,0
aagoyoga,aagoyoga,,20,0
_sellaturcica_,_sellaturcica_,,438,0
hikmamen,hikmamen,,438,0
_scenerys,_scenerys,,32,0
_nrlailaarh,_nrlailaarh,,20,0
_nocturnalism,_nocturnalism,,439,0
goldenmilestone,goldenmilestone,,439,0
_lunar25_,_lunar25_,,20,0.000376
curlytaetae,curlytaetae,,20,0
_karashaa,_karashaa,,440,0
knjsbrain,knjsbrain,,440,0
_dxlsd,_dxlsd,,32,0
_clarastorm_,_clarastorm_,,441,0
aufambis,aufambis,,441,0
_am4x_,_am4x_,,442,0
malecca,malecca,,442,0
__virago__,__virago__,,443,0
namseinugu,namseinugu,,443,0
____meenn,____meenn,,5,0
97washere,97washere,,29,0
90schan_,90schan_,,5,0
8ccola,8ccola,,95,0
24sheesh,24sheesh,,385,0
2022camaba,2022camaba,,239,0.0015
2022akpol,2022akpol,,444,0
bilasukabelajar,bilasukabelajar,,444,0
2021jdmaba,2021jdmaba,,20,0
1navihd,1navihd,,5,0
1999chyunsuk,1999chyunsuk,,445,0
hjwntbe4,hjwntbe4,,445,0
17o74,17o74,,446,0
chzyfrap,chzyfrap,,446,0
abccccika,abccccika,,5,0
abcdefglsya,abcdefglsya,,447,0
dontfhanique,dontfhanique,,447,0
abcdreaam,abcdreaam,,5,0
aeranaa,aeranaa,,398,0
aimamamia,aimamamia,,448,0
ibubaubiskuit,ibubaubiskuit,,448,0
ailuvmaself_,ailuvmaself_,,449,0
imcookiess,imcookiess,,449,0
ahmadhafidzs,ahmadhafidzs,,450,0
dark_sky_walker,dark_sky_walker,,450,0
hali_halaa,hali_halaa,,134,0
aguskusuma110,aguskusuma110,,451,0
wicaksanaas,wicaksanaas,,451,0
anakibubapak2,anakibubapak2,,451,0
agungstyngrh,agungstyngrh,,107,0
agracelly,agracelly,,5,0
agismaulana_,agismaulana_,,452,0
hhhhhaikamu,hhhhhaikamu,,452,0
afprodit,afprodit,,44,0
afnesfisnanda3,afnesfisnanda3,,453,0
fagyumi,fagyumi,,453,0
aestheshal,aestheshal,,141,0
adyiaar,adyiaar,,20,0
abhin54112978,abhin54112978,,20,0
adoremiyas,adoremiyas,,454,0
dainchou,dainchou,,454,0
adoracale,adoracale,,455,0
cipuyh,cipuyh,,455,0
adindakyuti,adindakyuti,,0,0
adindadinduy,adindadinduy,,20,0
adeoxxtxs,adeoxxtxs,,456,0
parisuburbs,parisuburbs,,456,0
addicttophysics,addicttophysics,,5,0
adaicaa,adaicaa,,457,0
berjualanfess,berjualanfess,,457,0
adaajeyekan,adaajeyekan,,5,0
achmadfajar_p,achmadfajar_p,,458,0
nuhisiryi,nuhisiryi,,458,0
accioiiviaa,accioiiviaa,,60,0
abilambis,abilambis,,95,0
syifakyung,syifakyung,,95,0.001127
angkel_mutu,angkel_mutu,,20,0
aniesbaswaras,aniesbaswaras,,20,0
anightthinker_,anightthinker_,,5,0
baekhyvna,baekhyvna,,459,0
jaewkids,jaewkids,,459,0
bibblefly,bibblefly,,460,0
shlghtsun,shlghtsun,,460,0
biancallysta_,biancallysta_,,5,0
bestjpboy,bestjpboy,,27,0
berusahangambis,berusahangambis,,461,0
vithzee,vithzee,,461,0
berprosess_,berprosess_,,9,0
itsmechelllllll,itsmechelllllll,,9,0.000752
beolkucing,beolkucing,,0,0
believinmine,believinmine,,462,0
itsmekirena,itsmekirena,,462,0
belajarkui,belajarkui,,9,0
belajarhey,belajarhey,,0,0
belajardong_,belajardong_,,9,0
bekasisupremacy,bekasisupremacy,,463,0
r4bbiiit,r4bbiiit,,463,0.000002
begatdang,begatdang,,464,0
zenutella,zenutella,,464,0
beetchytrinity,beetchytrinity,,465,0
rasberia,rasberia,,465,0
bebasdaritmnrl,bebasdaritmnrl,,20,0
beautiesoull,beautiesoull,,61,0
bealajar,bealajar,,466,0
felstudypage,felstudypage,,466,0
bcsyoucan,bcsyoucan,,3,0
bbstrawberry25,bbstrawberry25,,5,0
bbangmintonn,bbangmintonn,,467,0
jihyeongsanim,jihyeongsanim,,467,0
bataraputra02,bataraputra02,,63,0
bas0goreng,bas0goreng,,463,0
banqkrut,banqkrut,,463,0
bangtanlves,bangtanlves,,468,0
taekooksmochie,taekooksmochie,,468,0
bandottp,bandottp,,3,0
banaspatidingin,banaspatidingin,,469,0
aammmmaarrrr,aammmmaarrrr,,469,0
banannauyu,banannauyu,,3,0
bamtory2,bamtory2,,470,0
akukarmaloh,akukarmaloh,,470,0
balsemgoreng,balsemgoreng,,3,0
baestudyy,baestudyy,,471,0
jaeminstudy,jaeminstudy,,471,0
bibigohoonie,bibigohoonie,,29,0
bigwinnkuy,bigwinnkuy,,472,0
ezclipzieee,ezclipzieee,,472,0
biiruuuuu,biiruuuuu,,5,0
blueshintarou,blueshintarou,,473,0
sunnshinw,sunnshinw,,473,0
bocilbodo,bocilbodo,,20,0
bobll_,bobll_,,29,0
bobarlgrs,bobarlgrs,,5,0
bnxamilkoo,bnxamilkoo,,320,0
bnauree,bnauree,,32,0.000365
gabysatidur,gabysatidur,,32,0.000136
asyaralanyar,asyaralanyar,,32,0.000125
blxndthematcha,blxndthematcha,,474,0
winterpocas,winterpocas,,474,0
bluwberiy,bluwberiy,,110,0
bluveriz,bluveriz,,475,0
suckspears,suckspears,,475,0
bluonyourm_,bluonyourm_,,20,0
blueyezyz,blueyezyz,,476,0
honeylitdafire,honeylitdafire,,476,0
bluelowsh,bluelowsh,,5,0
billie__sky,billie__sky,,477,0
mabauiaamiin,mabauiaamiin,,477,0
blueewyy,blueewyy,,5,0
blucchis,blucchis,,61,0
bljr30mnit1hari,bljr30mnit1hari,,20,0.001881
blacksweetieezz,blacksweetieezz,,478,0
rnalsr,rnalsr,,478,0
blackmantaaa,blackmantaaa,,20,0.000188
bjyxxxxx20,bjyxxxxx20,,3,0
biyeldaily,biyeldaily,,29,0
bismillahbisaye,bismillahbisaye,,5,0
biskuitimtam,biskuitimtam,,479,0
zenius14,zenius14,,479,0
biokatalis,biokatalis,,480,0
himmelunderde_,himmelunderde_,,480,0
bintanngggaja,bintanngggaja,,481,0
xcreddkanaartha,xcreddkanaartha,,481,0
baekieexohyun77,baekieexohyun77,,482,0
__wulwiddd,__wulwiddd,,482,0
baealiel,baealiel,,5,0
anisa01248323,anisa01248323,,61,0
badp3ople,badp3ople,,3,0.001667
97sthinqs,97sthinqs,,95,0
atlantijs,atlantijs,,3,0
asvsrvcrz,asvsrvcrz,,61,0
astheroidss,astheroidss,,483,0
koebisik,koebisik,,483,0
asliceofcheese2,asliceofcheese2,,20,0
asheillette,asheillette,,5,0
xpapermint,xpapermint,,20,0
loosealive,loosealive,,20,0
icecreamm_21,icecreamm_21,,20,0
artlerto,artlerto,,484,0
soumetsuu,soumetsuu,,484,0
arsyubvs,arsyubvs,,9,0
arshjch,arshjch,,5,0
arrazirafi,arrazirafi,,32,0
arnggives,arnggives,,485,0
aishaviadini,aishaviadini,,485,0
arloaddict,arloaddict,,5,0
arkxnk,arkxnk,,486,0
miniematrix,miniematrix,,486,0
aresvvv,aresvvv,,3,0.000915
archiv8ste,archiv8ste,,280,0
archiena_,archiena_,,487,0
kimdokjaist,kimdokjaist,,487,0
apriliaekadmynt,apriliaekadmynt,,20,0
apfytn,apfytn,,29,0
apalo_cari2gw,apalo_cari2gw,,5,0
aourly,aourly,,488,0
lecbah,lecbah,,488,0
anyasllbenar,anyasllbenar,,23,0
anyaacube,anyaacube,,161,0
anthophiile,anthophiile,,61,0
avoucadoei,avoucadoei,,95,0
audiiiee,audiiiee,,20,0
ayayayanaon,ayayayanaon,,32,0
duniadatar,duniadatar,,3,0
aracarbonaraa,aracarbonaraa,,3,0
backtomeyay,backtomeyay,,32,0
babigurlsss,babigurlsss,,489,0
sayaadatugas,sayaadatugas,,489,0
b1ntang0rion,b1ntang0rion,,20,0
b0kepindo,b0kepindo,,463,0
azwastuds,azwastuds,,490,0
ulinnastudycrnr,ulinnastudycrnr,,490,0
azibiasaaja,azibiasaaja,,20,0
ayyaafyu,ayyaafyu,,29,0
ayukawaifu,ayukawaifu,,491,0
kontoreuu,kontoreuu,,491,0
ayosmgtt,ayosmgtt,,5,0
raluey,raluey,,0,0
__moonglade,__moonglade,,61,0
ayamras,ayamras,,9,0
awrllll,awrllll,,492,0
studybooster1,studybooster1,,492,0
awngantukbanget,awngantukbanget,,5,0
awjaybcutie,awjaybcutie,,493,0
monobuns,monobuns,,493,0
awesomekyung4,awesomekyung4,,20,0
awcitrun,awcitrun,,5,0.000752
hineptunus,hineptunus,,5,0
alehaleeee,alehaleeee,,5,0
avarialeh,avarialeh,,494,0
mikacaackerman,mikacaackerman,,494,0
auliasa44996530,auliasa44996530,,20,0
fancykiddos,fancykiddos,,3,0
lveajpark,lveajpark,,29,0
junepiyaw,junepiyaw,,3,0.000915
cutiebrowniee,cutiebrowniee,,3,0
jqblay,jqblay,,495,0
isnturfauit,isnturfauit,,495,0
joonnyoung,joonnyoung,,496,0
pattraonite,pattraonite,,496,0
mseoia,mseoia,,496,0
jollymarkjaem,jollymarkjaem,,497,0
kinderrry,kinderrry,,497,0
joereoo,joereoo,,213,0
jlopeu,jlopeu,,498,0
markiet__t,markiet__t,,498,0
jjwimim,jjwimim,,499,0
eazypol,eazypol,,499,0
jjkslof,jjkslof,,5,0
jjhnayy,jjhnayy,,5,0
jjapchaee,jjapchaee,,3,0
jjaooi,jjaooi,,3,0
jiwoonstudy,jiwoonstudy,,500,0
jjeonsbae_,jjeonsbae_,,500,0
jinnymine,jinnymine,,501,0
ndess_5,ndess_5,,501,0
jikook_coty,jikook_coty,,320,0
jijuljujil,jijuljujil,,3,0
jihanbelva,jihanbelva,,3,0.000376
scftsmiley__,scftsmiley__,,3,0
jiebutterflies,jiebutterflies,,502,0
thingaboutsa,thingaboutsa,,502,0
jidatkaoru,jidatkaoru,,87,0
jichanxm,jichanxm,,5,0
jesstjakep,jesstjakep,,30,0.002247
jessiediary_,jessiediary_,,503,0
sppacg,sppacg,,503,0
jesjeurs,jesjeurs,,5,0
jeramimemanggil,jeramimemanggil,,504,0
iiidih,iiidih,,504,0
jenojohayo,jenojohayo,,20,0
jenoactrus,jenoactrus,,48,0.000002
kerjarhodey,kerjarhodey,,5,0
junggjaejhyun,junggjaejhyun,,5,0.000376
beianjafess,beianjafess,,5,0
kenmaniichan,kenmaniichan,,9,0
kenapagitudeh,kenapagitudeh,,505,0
iamgoodg1rl,iamgoodg1rl,,505,0
kekapasii,kekapasii,,3,0
kejuloml,kejuloml,,506,0
mandaredvlvt,mandaredvlvt,,506,0
keihju,keihju,,0,0
kedelaiiii,kedelaiiii,,20,0
kecoayeppo,kecoayeppo,,5,0
ke127an,ke127an,,20,0
kdoydoyi,kdoydoyi,,3,0.000457
scalliyn,scalliyn,,3,0
kdknandasanjaya,kdknandasanjaya,,20,0
kcokomi,kcokomi,,20,0
kceshi,kceshi,,507,0
sangjaei,sangjaei,,507,0
kayibek,kayibek,,508,0
meanie614,meanie614,,508,0
katakmengeong,katakmengeong,,3,0
karyacemas32,karyacemas32,,9,0
kangambisd,kangambisd,,5,0
kamobelajar,kamobelajar,,5,0
kaleiea,kaleiea,,509,0
laravonne,laravonne,,509,0
kadalbuntunc,kadalbuntunc,,510,0
ilhmtqn,ilhmtqn,,510,0
k_wono1,k_wono1,,3,0
k4naworld,k4naworld,,511,0
primizzyy,primizzyy,,511,0
justnormalgurll,justnormalgurll,,512,0
rohaehaa,rohaehaa,,512,0
justclaiee2,justclaiee2,,513,0
kookiesnminily,kookiesnminily,,513,0
justcallmena_,justcallmena_,,20,0
junnidette,junnidette,,514,0
bedakbaby_,bedakbaby_,,514,0
junjunhug,junjunhug,,61,0
jennietwin,jennietwin,,23,0
jenmarkcart,jenmarkcart,,515,0
jeongyunoaddict,jeongyunoaddict,,515,0
itsphysics_,itsphysics_,,0,0
itsjssiidh,itsjssiidh,,3,0
itsjenarin,itsjenarin,,61,0
itsfalana_,itsfalana_,,20,0
itsaeril,itsaeril,,5,0
istrikmdirumah,istrikmdirumah,,5,0
isno_prplee,isno_prplee,,239,0
isnaeni_alya,isnaeni_alya,,516,0
utbkuy1,utbkuy1,,516,0
irdaeliana,irdaeliana,,517,0
an0therplace7,an0therplace7,,517,0
ipuung9,ipuung9,,60,0
inumakitogel,inumakitogel,,5,0
insyaallahambis,insyaallahambis,,3,0
insdomie,insdomie,,518,0
cocoaaddict01,cocoaaddict01,,518,0
inisyanaa,inisyanaa,,9,0
inisambataqis,inisambataqis,,519,0
bbkjhy,bbkjhy,,519,0
iniprastyi,iniprastyi,,5,0
inikayeshaa,inikayeshaa,,3,0
iniakunaje,iniakunaje,,520,0
angspa,angspa,,520,0
ineedywoody,ineedywoody,,360,0
indsane96,indsane96,,521,0
supermari00_,supermari00_,,521,0
indrastunatu,indrastunatu,,20,0
indosatoshi,indosatoshi,,32,0
indomiejpg,indomiejpg,,5,0
indhrmdhnti,indhrmdhnti,,32,0
incesea,incesea,,522,0
jihanpratikaaa,jihanpratikaaa,,522,0
imyour_drum,imyour_drum,,389,0
itswinz,itswinz,,523,0
parktaee_,parktaee_,,523,0
itszaambis,itszaambis,,9,0
jenggalafana,jenggalafana,,524,0
teenagedimplezx,teenagedimplezx,,524,0
jelllyybin_,jelllyybin_,,286,0
jelazkrana,jelazkrana,,525,0
galliardapaapa,galliardapaapa,,525,0
jekeywin,jekeywin,,20,0
jejeletoy,jejeletoy,,526,0
ariesstudies,ariesstudies,,526,0
jejejesiee_,jejejesiee_,,32,0.010166
jehermione,jehermione,,9,0
jdsmee23,jdsmee23,,5,0
jcoodonut,jcoodonut,,3,0
jbunhyeok,jbunhyeok,,527,0
yeseoie,yeseoie,,527,0
jaywonns,jaywonns,,528,0
jjwonpark,jjwonpark,,528,0
jasminegetstud,jasminegetstud,,20,0
jasmieennn,jasmieennn,,20,0
jakqesim,jakqesim,,5,0
jagathraya,jagathraya,,0,0
jaeuniiverse,jaeuniiverse,,238,0
jaemysunshine,jaemysunshine,,529,0
treasuremenfess,treasuremenfess,,529,0
malkiesty,malkiesty,,471,0
iwiclmy,iwiclmy,,32,0
ivbluesky,ivbluesky,,530,0
urmarkly,urmarkly,,530,0
iuwacth,iuwacth,,3,0
iucreciamh,iucreciamh,,5,0
itzyjuliia,itzyjuliia,,531,0
froum_youngk,froum_youngk,,531,0
itzyforitzy,itzyforitzy,,20,0
itzmintzly,itzmintzly,,532,0
banjavenue,banjavenue,,532,0
keqingcult,keqingcult,,533,0
tarodikulkas,tarodikulkas,,533,0
kertaswangsit,kertaswangsit,,534,0
iceeblue_,iceeblue_,,534,0
farihmuwaffaq,farihmuwaffaq,,3,0
liyoen_,liyoen_,,535,0
nunanyawoojin,nunanyawoojin,,535,0
livsaja,livsaja,,5,0
listiatan,listiatan,,32,0
lisambis,lisambis,,26,0.000001
laperdh,laperdh,,26,0
lisacaper,lisacaper,,536,0
zafranalts,zafranalts,,536,0
lionhazelj,lionhazelj,,5,0
liltrasshy,liltrasshy,,3,0
alohaguize,alohaguize,,0,0
lightfu17,lightfu17,,0,0.002682
asteroid524,asteroid524,,0,0
arulertx,arulertx,,0,0
lifrief,lifrief,,20,0
libr4tz,libr4tz,,537,0
tragific,tragific,,537,0
leviheijo,leviheijo,,20,0
letsgooougm,letsgooougm,,538,0
cochoreo,cochoreo,,538,0
letminolino,letminolino,,140,0
leohyuck,leohyuck,,3,0
legingmanohara,legingmanohara,,5,0
leelovemark,leelovemark,,20,0
leaveff,leaveff,,539,0
lampungbase,lampungbase,,539,0
learnisfun_,learnisfun_,,540,0
cavendishclark,cavendishclark,,540,0
learnforlifee,learnforlifee,,32,0
laylimsrh,laylimsrh,,541,0
anadisana,anadisana,,541,0
lawcobaambis,lawcobaambis,,9,0.000376
apatisx,apatisx,,9,0
lavendercrushed,lavendercrushed,,542,0
gxjeias,gxjeias,,542,0
lizzienoire,lizzienoire,,5,0
0rangsuccess,0rangsuccess,,20,0
kes_stud,kes_stud,,307,0
qwertyaowk,qwertyaowk,,351,0
lvckicst,lvckicst,,543,0
dah____________,dah____________,,543,0
luwakarabika,luwakarabika,,544,0
laladanella,laladanella,,544,0
luvvuuuuu,luvvuuuuu,,3,0
luvieaes,luvieaes,,5,0
luthfeeyaz,luthfeeyaz,,5,0
lushlovstyles,lushlovstyles,,330,0
lucutehere,lucutehere,,545,0
xxeurekaa,xxeurekaa,,545,0
luckvoita,luckvoita,,5,0
lucaisya,lucaisya,,546,0
lenharuuu,lenharuuu,,546,0
ltyruby,ltyruby,,547,0
jonginidoie,jonginidoie,,547,0
ltaembrace,ltaembrace,,61,0
mewchanics,mewchanics,,364,0
lovemaze52,lovemaze52,,23,0.000544
lovelysa19,lovelysa19,,20,0
lovelifeyea,lovelifeyea,,0,0
loucashton28,loucashton28,,88,0
lopyumath,lopyumath,,548,0
diiyourbae_,diiyourbae_,,548,0
loiddholpinle,loiddholpinle,,549,0
ratoostudy,ratoostudy,,549,0
loeys00,loeys00,,550,0
fleurlvyn,fleurlvyn,,550,0
loeydude,loeydude,,5,0
loeychinguuuuu,loeychinguuuuu,,551,0
callafleurs,callafleurs,,551,0
lkwrdh_,lkwrdh_,,29,0.001411
samarsekali,samarsekali,,351,0
lavalafyu,lavalafyu,,20,0
lasfridaynightt,lasfridaynightt,,20,0
lanzhhan,lanzhhan,,206,0
lancarluncurr,lancarluncurr,,5,0
kistude,kistude,,552,0
writepng,writepng,,552,0
kirapiee,kirapiee,,553,0
saturddate,saturddate,,553,0
kindwly,kindwly,,507,0
kinanttan,kinanttan,,5,0
kimtaejin31,kimtaejin31,,554,0
twitims,twitims,,554,0
kimsojungxne,kimsojungxne,,20,0
kimniseo,kimniseo,,555,0
ikimlp,ikimlp,,555,0
kimjuncotton_o,kimjuncotton_o,,556,0
amnbisius,amnbisius,,556,0
kimgayooo,kimgayooo,,557,0
seenteaaa,seenteaaa,,557,0
kimdoieily,kimdoieily,,5,0
kimcheeesy,kimcheeesy,,5,0
kimbumlaw,kimbumlaw,,9,0
kidranggi,kidranggi,,61,0
khonsanailahr,khonsanailahr,,5,0
khongguanmerah,khongguanmerah,,3,0
khoirunisaazrr,khoirunisaazrr,,61,0
kharmelllya,kharmelllya,,558,0
alreadyxync,alreadyxync,,558,0
khalifakinayaa1,khalifakinayaa1,,0,0.000914
khaistudy,khaistudy,,559,0
tamakisse,tamakisse,,559,0
khadjhz,khadjhz,,560,0
sgrjjsbdakka,sgrjjsbdakka,,560,0
farambiss,farambiss,,9,0
dyieren,dyieren,,9,0
adndnrd,adndnrd,,9,0
keutychia,keutychia,,5,0
kittenbud,kittenbud,,166,0
kittokatsuuu,kittokatsuuu,,20,0
kittychart,kittychart,,561,0
ingenuze,ingenuze,,561,0
kyaawan_,kyaawan_,,23,0
lalastudyy,lalastudyy,,5,0
lalamayla_,lalamayla_,,5,0
lakoneaku,lakoneaku,,562,0
allhailtakashi,allhailtakashi,,562,0
lagihbelajar,lagihbelajar,,5,0.000752
peoasus,peoasus,,5,0
lagbitch,lagbitch,,20,0
ladadidaladida1,ladadidaladida1,,5,0
lacibollalaa,lacibollalaa,,5,0
l0vchemist,l0vchemist,,563,0
chocooxz,chocooxz,,563,0
kyuutiies,kyuutiies,,5,0
kyungbunnyy,kyungbunnyy,,5,0
kyralacs,kyralacs,,564,0
nadhputrii,nadhputrii,,564,0
kylielipaann,kylielipaann,,210,0
ky0dxpcc,ky0dxpcc,,565,0
alscheift,alscheift,,565,0
klandastine,klandastine,,5,0
kuyangexpress,kuyangexpress,,5,0
kusukaleejeno,kusukaleejeno,,29,0
kuntoanjrit,kuntoanjrit,,5,0
kukukunae,kukukunae,,9,0
kudaranay,kudaranay,,566,0
genshinlokal,genshinlokal,,566,0
kuacipilihan,kuacipilihan,,567,0
bakpiaww,bakpiaww,,567,0
kstoedy,kstoedy,,568,0
fairiemind,fairiemind,,568,0
kryangkedua,kryangkedua,,3,0
kritstal,kritstal,,217,0
annarukami,annarukami,,37,0
koranpagiii,koranpagiii,,166,0
komikusmales,komikusmales,,95,0
imndinn,imndinn,,569,0
dripmonger,dripmonger,,569,0
imkhsnh,imkhsnh,,61,0.003326
greenteahazelnt,greenteahazelnt,,3,0
gracefulei,gracefulei,,570,0
aternusty,aternusty,,570,0
googiebulet,googiebulet,,5,0
godblesssmee,godblesssmee,,20,0
gngrii_,gngrii_,,20,0
glxysea,glxysea,,571,0
ambisvinn,ambisvinn,,571,0
glitterjk_,glitterjk_,,3,0
gliserole,gliserole,,0,0
glinteayeah,glinteayeah,,5,0
glazeud,glazeud,,572,0
jinwooeyesmile,jinwooeyesmile,,572,0
glamoroustudy,glamoroustudy,,3,0.001709
gladlynaya,gladlynaya,,573,0
moonareas,moonareas,,573,0
gksward23,gksward23,,574,0
navielbloom,navielbloom,,574,0
gkprnhmnggvaway,gkprnhmnggvaway,,5,0
gjlsyudah,gjlsyudah,,59,0
gitarisbonjovi,gitarisbonjovi,,575,0
aquayan_,aquayan_,,575,0
gitaputriastari,gitaputriastari,,9,0
gimmethestars,gimmethestars,,3,0
gfhaechan_,gfhaechan_,,61,0
geprekimpor,geprekimpor,,3,0
gemoihaechan,gemoihaechan,,383,0
gemblengjaja,gemblengjaja,,20,0
gembilgembulcom,gembilgembulcom,,5,0
geezrekk,geezrekk,,5,0
geezmarklee,geezmarklee,,5,0
gbrl_pm,gbrl_pm,,5,0
gausahtauuuuuuu,gausahtauuuuuuu,,576,0
ordinatabsis,ordinatabsis,,576,0
garistanpabawah,garistanpabawah,,5,0
grecszeb,grecszeb,,577,0
rachappy_,rachappy_,,577,0
gresnolimit,gresnolimit,,578,0
hneeep,hneeep,,578,0
imeydaaa,imeydaaa,,9,0
greymacaroon,greymacaroon,,20,0
halusinasiberat,halusinasiberat,,166,0.0015
hallooodenne,hallooodenne,,20,0
halloakuester,halloakuester,,579,0
sal_xzn,sal_xzn,,579,0
hajwjwje12,hajwjwje12,,23,0
hajaengwoo,hajaengwoo,,0,0
haitsde,haitsde,,21,0
haiiwaizumi,haiiwaizumi,,5,0
haevchanii,haevchanii,,580,0
txtdarihunter,txtdarihunter,,580,0
haejwani,haejwani,,109,0
haedonggeuri,haedonggeuri,,5,0
haechii_fullsun,haechii_fullsun,,29,0.000376
haechan6600_,haechan6600_,,20,0
hadeuh47934950,hadeuh47934950,,581,0
patriciashaniaa,patriciashaniaa,,581,0
habbitsread,habbitsread,,3,0
h4dn1,h4dn1,,0,0
gyuravity,gyuravity,,29,0.000798
acahikun,acahikun,,29,0.000017
gyruscinguli_,gyruscinguli_,,20,0
gyehunssi,gyehunssi,,582,0
eunhwilo,eunhwilo,,582,0
gutkkie,gutkkie,,3,0
clarissajournal,clarissajournal,,9,0
guojiia,guojiia,,583,0
chwlejisngy,chwlejisngy,,583,0
guniepie,guniepie,,584,0
jumclal,jumclal,,584,0
guepemilikakun,guepemilikakun,,5,0
gtwsypp,gtwsypp,,3,0
growflyy,growflyy,,29,0
grooverko_,grooverko_,,94,0
gapyear21,gapyear21,,23,0
gapaidreams,gapaidreams,,288,0
gangamata_,gangamata_,,20,0
ganesauroraa,ganesauroraa,,61,0
fordreamiess,fordreamiess,,238,0
fogbround,fogbround,,5,0
flyngmoon1,flyngmoon1,,3,0
flymejk,flymejk,,5,0
kaciwparuy,kaciwparuy,,203,0
flurrybabykim,flurrybabykim,,585,0
salsblx,salsblx,,585,0
fluffyyriki,fluffyyriki,,5,0
fluffyflurri,fluffyflurri,,586,0
neospasie,neospasie,,586,0
flssfp,flssfp,,0,0
floreaaa_ft,floreaaa_ft,,5,0
floo_shr,floo_shr,,587,0
its_me_yayaa,its_me_yayaa,,587,0
fllwlees,fllwlees,,20,0
fiyyrlsst,fiyyrlsst,,5,0
fixzyuu,fixzyuu,,20,0
fitraygaksih,fitraygaksih,,5,0
fidwinaxx,fidwinaxx,,588,0
emangcuek,emangcuek,,588,0
fenori_,fenori_,,589,0
strawberiessky,strawberiessky,,589,0
feniifs,feniifs,,590,0
aangleaw,aangleaw,,590,0
femkezhi,femkezhi,,0,0
feelingpurplee,feelingpurplee,,20,0
feeldone999,feeldone999,,591,0
pockyaddictttt,pockyaddictttt,,591,0
feeeysa,feeeysa,,5,0
fckinshtsboi,fckinshtsboi,,5,0
fckinloveyou,fckinloveyou,,20,0
faziafc,faziafc,,61,0
fauntalism,fauntalism,,592,0
gumbearie,gumbearie,,592,0
fattiebelly,fattiebelly,,593,0
maurienau,maurienau,,593,0
fathanfariza,fathanfariza,,20,0
forfuture06,forfuture06,,594,0.000001
akunambis21,akunambis21,,594,0
gitasnowy,gitasnowy,,594,0
taufiqr823,taufiqr823,,594,0
fuwajournal,fuwajournal,,95,0
__ther3sa,__ther3sa,,95,0.000376
ganeetavv,ganeetavv,,20,0
gamissorban,gamissorban,,408,0
galvanicells,galvanicells,,5,0
gadis_azalia,gadis_azalia,,5,0
gadinn_,gadinn_,,3,0
gabolehgagal,gabolehgagal,,595,0
piikiiuu,piikiiuu,,595,0
histologzy,histologzy,,305,0
fylaworld,fylaworld,,5,0
fvckmaths,fvckmaths,,9,0
fujoshijati,fujoshijati,,5,0
forsilkstar,forsilkstar,,3,0
ftrr_yy,ftrr_yy,,20,0
taeyongsfle,taeyongsfle,,223,0
hjsl0ve,hjsl0ve,,223,0.000376
avocadojaneshi_,avocadojaneshi_,,223,0
fru1tty,fru1tty,,29,0
frizzzzy,frizzzzy,,20,0
friedricelogy,friedricelogy,,596,0
pinginpunyaduit,pinginpunyaduit,,596,0
caramelleizz,caramelleizz,,596,0
frenchchuba,frenchchuba,,597,0
lananiole,lananiole,,597,0
fredrickbinsar,fredrickbinsar,,20,0
frecklixxx,frecklixxx,,61,0
fortunegoogiez,fortunegoogiez,,29,0
han_1627,han_1627,,598,0
kyaaact,kyaaact,,598,0
hanabpu,hanabpu,,3,0
httpstudie,httpstudie,,95,0
hourmoonrn,hourmoonrn,,5,0
hotshinramyeon,hotshinramyeon,,20,0
hotiecutiee,hotiecutiee,,3,0.000376
jzzxlyn,jzzxlyn,,3,0
hoshucark,hoshucark,,3,0
your2rl,your2rl,,95,0
swooryx,swooryx,,95,0
suholee1111,suholee1111,,95,0
sarprogress,sarprogress,,95,0
renjungopay,renjungopay,,95,0
oemjiasca,oemjiasca,,95,0
nomineuy,nomineuy,,95,0
mayierreen,mayierreen,,95,0
marsstdy,marsstdy,,95,0
liviamaubelajar,liviamaubelajar,,95,0
larismanies,larismanies,,95,0
kwrdus,kwrdus,,95,0
jeanartss,jeanartss,,95,0
jcxyle,jcxyle,,95,0
houseskies,houseskies,,228,0
howboutcins,howboutcins,,0,0
hramadaaan,hramadaaan,,5,0
igiboyaaah,igiboyaaah,,29,0
imdoinothing,imdoinothing,,3,0
ilynjdo,ilynjdo,,599,0
dinaraw4,dinaraw4,,599,0
ilvlayan,ilvlayan,,600,0
rantnyarara,rantnyarara,,600,0
iluvvstrawberry,iluvvstrawberry,,601,0
kidcozygirlz,kidcozygirlz,,601,0
illusionnary,illusionnary,,3,0.000915
ilhinsibibiybiy,ilhinsibibiybiy,,5,0
ikarahmawati___,ikarahmawati___,,5,0
ikannncupang,ikannncupang,,602,0
elucuu,elucuu,,602,0
iirreplaceabl3,iirreplaceabl3,,146,0
iightmiles,iightmiles,,5,0
ignaciamelvina,ignaciamelvina,,603,0
erpan1827,erpan1827,,603,0
igiboyeahh,igiboyeahh,,20,0
icykeei,icykeei,,604,0
nishin0yayu,nishin0yayu,,604,0
huffgryff,huffgryff,,46,0
ayurls,ayurls,,46,0
ichinisanvier,ichinisanvier,,3,0
iceamericaan0,iceamericaan0,,49,0
youthaddict48,youthaddict48,,49,0
ice_elzzaa,ice_elzzaa,,220,0
iunaticofeliz,iunaticofeliz,,220,0
icannn___,icannn___,,1,0
shabrinafg__,shabrinafg__,,1,0
ibobm,ibobm,,2,0
ericxtbz,ericxtbz,,2,0
iamthelit_,iamthelit_,,29,0
iamfishtime,iamfishtime,,3,0
i_washuman,i_washuman,,5,0
hyejesaaa,hyejesaaa,,5,0
huggybearys,huggybearys,,278,0
huffleloves,huffleloves,,3,0
i2jongu,i2jongu,,95,0
hangtyass,hangtyass,,20,0
fkmsoon,fkmsoon,,95,0
hiiksoona,hiiksoona,,95,0
hii_ishxyyy,hii_ishxyyy,,5,0
hi_andrii,hi_andrii,,5,0
heyhohii,heyhohii,,23,0
hermonieaddict,hermonieaddict,,32,0
hemistudy,hemistudy,,35,0
kk4mjong,kk4mjong,,35,0
helmiakbars,helmiakbars,,4,0
rraflid,rraflid,,4,0
helloelf_,helloelf_,,5,0
hellianthusal,hellianthusal,,20,0
heksadiena,heksadiena,,20,0
heepnoticc,heepnoticc,,133,0
heaveniki,heaveniki,,133,0
hee_3000,hee_3000,,3,0
hechanbni,hechanbni,,29,0
heartlinecity,heartlinecity,,95,0
hayukyass,hayukyass,,6,0
deyngambis,deyngambis,,6,0
hayitanis,hayitanis,,20,0
haurucastle,haurucastle,,573,0
hataraca,hataraca,,38,0
gistudees,gistudees,,38,0
haruvairy,haruvairy,,51,0
haruhachiko,haruhachiko,,107,0
harugracee,harugracee,,5,0
harmouren,harmouren,,20,0
haqueensa,haqueensa,,8,0
balbalapasi,balbalapasi,,8,0
hapxbogummy,hapxbogummy,,10,0
rafiabdulaziz_,rafiabdulaziz_,,10,0
hapekegigit,hapekegigit,,20,0
hanqyulgf,hanqyulgf,,3,0
hanjisss,hanjisss,,5,0
hanifa_ep,hanifa_ep,,20,0
hijiheon,hijiheon,,12,0.000001
juyeoqn,juyeoqn,,12,0
leejuyneo,leejuyneo,,12,0
soojain,soojain,,12,0
cnswoo,cnswoo,,95,0
classicaall,classicaall,,95,0
caxbin,caxbin,,95,0
busifess,busifess,,95,0
ambis_yukkk32,ambis_yukkk32,,95,0
airplaneboost9,airplaneboost9,,95,0
honeycityx,honeycityx,,61,0
honeyberryys,honeyberryys,,9,0
hoezxvirgo,hoezxvirgo,,14,0
denmanly,denmanly,,14,0
hobimakancanai,hobimakancanai,,61,0
hngrenjun__,hngrenjun__,,15,0
tkmwe2wkcbytzlv,tkmwe2wkcbytzlv,,15,0
flowwlinn,flowwlinn,,223,0
hisspiyaya,hisspiyaya,,3,0
hisammula,hisammula,,5,0
hiresapps,hiresapps,,239,0
hiraahero,hiraahero,,20,0
hipokritx,hipokritx,,5,0
hinumaaa,hinumaaa,,32,0
hilmiluthfi_,hilmiluthfi_,,16,0
flammable__,flammable__,,16,0
zxcvopw,zxcvopw,,17,0
akutehbulan,akutehbulan,,17,0
